peptide,length,trimming_rate,unit,reference,erap1_conc,init_substrate_conc,
RYWANATRSK,10,0.4625,pmol/h/ng,Chang_05,3.5 ug/ml,150 uM,
RYWANATRSR,10,0.7955,pmol/h/ng,Chang_05,3.5 ug/ml,150 uM,
RYWANATRSH,10,1.85,pmol/h/ng,Chang_05,3.5 ug/ml,150 uM,
RYWANATRSG,10,5.365,pmol/h/ng,Chang_05,3.5 ug/ml,150 uM,
RYWANATRSD,10,6.105,pmol/h/ng,Chang_05,3.5 ug/ml,150 uM,
RYWANATRSN,10,6.845,pmol/h/ng,Chang_05,3.5 ug/ml,150 uM,
RYWANATRSP,10,8.695,pmol/h/ng,Chang_05,3.5 ug/ml,150 uM,
RYWANATRSE,10,10.175,pmol/h/ng,Chang_05,3.5 ug/ml,150 uM,
RYWANATRSQ,10,10.545,pmol/h/ng,Chang_05,3.5 ug/ml,150 uM,
RYWANATRST,10,10.545,pmol/h/ng,Chang_05,3.5 ug/ml,150 uM,
RYWANATRSS,10,11.84,pmol/h/ng,Chang_05,3.5 ug/ml,150 uM,
RYWANATRSW,10,13.135,pmol/h/ng,Chang_05,3.5 ug/ml,150 uM,
RYWANATRSY,10,15.54,pmol/h/ng,Chang_05,3.5 ug/ml,150 uM,
RYWANATRSF,10,15.17,pmol/h/ng,Chang_05,3.5 ug/ml,150 uM,
RYWANATRSM,10,16.465,pmol/h/ng,Chang_05,3.5 ug/ml,150 uM,
RYWANATRSA,10,16.835,pmol/h/ng,Chang_05,3.5 ug/ml,150 uM,
RYWANATRSV,10,18.5,pmol/h/ng,Chang_05,3.5 ug/ml,150 uM,
RYWANATRSL,10,18.5,pmol/h/ng,Chang_05,3.5 ug/ml,150 uM,
RYWANATRSI,10,21.275,pmol/h/ng,Chang_05,3.5 ug/ml,150 uM,
QLESIINFEK,10,3,pmol/h/ng,Chang_05,3.5 ug/ml,150 uM,
QLESIINFEKL,11,30,pmol/h/ng,Chang_05,3.5 ug/ml,150 uM,
QLESIINFEKA,11,29,pmol/h/ng,Chang_05,3.5 ug/ml,150 uM,
QLESIINFEKY,11,28,pmol/h/ng,Chang_05,3.5 ug/ml,150 uM,
QLESIINFELK,11,13,pmol/h/ng,Chang_05,3.5 ug/ml,150 uM,
QLESIINFEKK,11,6,pmol/h/ng,Chang_05,3.5 ug/ml,150 uM,
QLESIINFEKR,11,8,pmol/h/ng,Chang_05,3.5 ug/ml,150 uM,
QLESIINFEKD,11,5,pmol/h/ng,Chang_05,3.5 ug/ml,150 uM,
EFAPGNYPAL,10,27,pmol/h/ng,Chang_05,3.5 ug/ml,150 uM,
EFAPGNYPAK,10,2,pmol/h/ng,Chang_05,3.5 ug/ml,150 uM,
EFAPGNYPAD,10,3,pmol/h/ng,Chang_05,3.5 ug/ml,150 uM,
AYWANATRSGA,11,12,pmol/h/ng,Chang_05,3.5 ug/ml,150 uM,
FAPGNYPAL,9,28.9,pmol/h/ng,Chang_05,3.5 ug/ml,150 uM,
APGNYPAL,8,0.14,pmol/h/ng,Chang_05,3.5 ug/ml,150 uM,
YTVKYPNL,8,6,pmol/h/ng,Chang_05,3.5 ug/ml,150 uM,
SALDFHKV,8,5,pmol/h/ng,Chang_05,3.5 ug/ml,150 uM,
AVYNFATC,8,5,pmol/h/ng,Chang_05,3.5 ug/ml,150 uM,
SIYRYYGL,8,0.93,pmol/h/ng,Chang_05,3.5 ug/ml,150 uM,
RGYNYEKL,8,0.93,pmol/h/ng,Chang_05,3.5 ug/ml,150 uM,
EQYKFYSV,8,0.93,pmol/h/ng,Chang_05,3.5 ug/ml,150 uM,
LLDVPTAAV,9,26.1,pmol/h/ng,Chang_05,3.5 ug/ml,150 uM,
YMNGTMSQV,9,19,pmol/h/ng,Chang_05,3.5 ug/ml,150 uM,
GLVRLNAFL,9,13,pmol/h/ng,Chang_05,3.5 ug/ml,150 uM,
ELRSLLVPFV,9,12,pmol/h/ng,Chang_05,3.5 ug/ml,150 uM,
GLQTIVKSL,9,3,pmol/h/ng,Chang_05,3.5 ug/ml,150 uM,
YILEETSVM,9,3,pmol/h/ng,Chang_05,3.5 ug/ml,150 uM,
YVLDHLIVV,9,3,pmol/h/ng,Chang_05,3.5 ug/ml,150 uM,
NLVPMVATV,9,1.94,pmol/h/ng,Chang_05,3.5 ug/ml,150 uM,
TLNAWVKVV,9,0.93,pmol/h/ng,Chang_05,3.5 ug/ml,150 uM,
ILDKKVEKV,9,0.93,pmol/h/ng,Chang_05,3.5 ug/ml,150 uM,
HGEFAPGNYPAL,12,30.8,pmol/h/ng,Chang_05,3.5 ug/ml,150 uM,
NANPDCKTIL,10,9.86,pmol/h/ng,Chang_05,3.5 ug/ml,150 uM,
VQNANPDCKTIL,12,24.1,pmol/h/ng,Chang_05,3.5 ug/ml,150 uM,
AGTTSTLQEQIGW,13,22,pmol/h/ng,Chang_05,3.5 ug/ml,150 uM,
YVLEGTLTAEKTTL,14,17.1,pmol/h/ng,Chang_05,3.5 ug/ml,150 uM,
MVHQPISPRTLNAW,14,16.1,pmol/h/ng,Chang_05,3.5 ug/ml,150 uM,
FIAGNSAYEYV,11,22,pmol/h/ng,Chang_05,3.5 ug/ml,150 uM,
LESIINFEKL,10,26,pmol/h/ng,Chang_05,3.5 ug/ml,150 uM,
EQLESIINFEKL,12,25,pmol/h/ng,Chang_05,3.5 ug/ml,150 uM,
LEQLESIINFEKL,13,31.1,pmol/h/ng,Chang_05,3.5 ug/ml,150 uM,
GLEQLESIINFEKL,14,24.5,pmol/h/ng,Chang_05,3.5 ug/ml,150 uM,
LLVQNANPDCKTIL,14,27.9,pmol/h/ng,Chang_05,3.5 ug/ml,150 uM,
ETLLVQNANPDCKTIL,16,18.1,pmol/h/ng,Chang_05,3.5 ug/ml,150 uM,
KSYVLEGTLTAEKTTL,16,11.9,pmol/h/ng,Chang_05,3.5 ug/ml,150 uM,
HQAISPRTLNAW,12,33.1,pmol/h/ng,Chang_05,3.5 ug/ml,150 uM,
ESIINFEKL,9,25,pmol/h/ng,Chang_05,3.5 ug/ml,150 uM,
KLGEFYNQMM,10,24.9,pmol/h/ng,Chang_05,3.5 ug/ml,150 uM,
RYWANATRSL,10,23.9,pmol/h/ng,Chang_05,3.5 ug/ml,150 uM,
SIINFEKL,8,3.8,pmol/h/ng,Chang_05,3.5 ug/ml,150 uM,
LSIINFEKL,9,172.489083,pmol/h/ng,Hearn_09,3.5 ug/ml,100 uM,
MSIINFEKL,9,86.02620087,pmol/h/ng,Hearn_09,3.5 ug/ml,100 uM,
ISIINFEKL,9,51.9650655,pmol/h/ng,Hearn_09,3.5 ug/ml,100 uM,
YSIINFEKL,9,48.47161572,pmol/h/ng,Hearn_09,3.5 ug/ml,100 uM,
WSIINFEKL,9,41.04803493,pmol/h/ng,Hearn_09,3.5 ug/ml,100 uM,
KSIINFEKL,9,37.11790393,pmol/h/ng,Hearn_09,3.5 ug/ml,100 uM,
SSIINFEKL,9,28.38427948,pmol/h/ng,Hearn_09,3.5 ug/ml,100 uM,
VSIINFEKL,9,21.39737991,pmol/h/ng,Hearn_09,3.5 ug/ml,100 uM,
HSIINFEKL,9,23.58078603,pmol/h/ng,Hearn_09,3.5 ug/ml,100 uM,
RSIINFEKL,9,17.03056769,pmol/h/ng,Hearn_09,3.5 ug/ml,100 uM,
TSIINFEKL,9,13.97379913,pmol/h/ng,Hearn_09,3.5 ug/ml,100 uM,
NSIINFEKL,9,13.10043668,pmol/h/ng,Hearn_09,3.5 ug/ml,100 uM,
GSIINFEKL,9,13.10043668,pmol/h/ng,Hearn_09,3.5 ug/ml,100 uM,
PSIINFEKL,9,12.22707424,pmol/h/ng,Hearn_09,3.5 ug/ml,100 uM,
ESIINFEKL,9,12.22707424,pmol/h/ng,Hearn_09,3.5 ug/ml,100 uM,
DSIINFEKL,9,6.986899563,pmol/h/ng,Hearn_09,3.5 ug/ml,100 uM,
LSIINFEKL,9,93.88646288,pmol/h/ng,Hearn_09,3.5 ug/ml,100 uM,
MSIINFEKL,9,79.03930131,pmol/h/ng,Hearn_09,3.5 ug/ml,100 uM,
ISIINFEKL,9,36.24454148,pmol/h/ng,Hearn_09,3.5 ug/ml,100 uM,
YSIINFEKL,9,39.73799127,pmol/h/ng,Hearn_09,3.5 ug/ml,100 uM,
WSIINFEKL,9,24.45414847,pmol/h/ng,Hearn_09,3.5 ug/ml,100 uM,
KSIINFEKL,9,18.77729258,pmol/h/ng,Hearn_09,3.5 ug/ml,100 uM,
SSIINFEKL,9,16.15720524,pmol/h/ng,Hearn_09,3.5 ug/ml,100 uM,
VSIINFEKL,9,18.77729258,pmol/h/ng,Hearn_09,3.5 ug/ml,100 uM,
HSIINFEKL,9,13.10043668,pmol/h/ng,Hearn_09,3.5 ug/ml,100 uM,
RSIINFEKL,9,9.170305677,pmol/h/ng,Hearn_09,3.5 ug/ml,100 uM,
TSIINFEKL,9,11.35371179,pmol/h/ng,Hearn_09,3.5 ug/ml,100 uM,
NSIINFEKL,9,7.860262009,pmol/h/ng,Hearn_09,3.5 ug/ml,100 uM,
GSIINFEKL,9,6.986899563,pmol/h/ng,Hearn_09,3.5 ug/ml,100 uM,
PSIINFEKL,9,6.113537118,pmol/h/ng,Hearn_09,3.5 ug/ml,100 uM,
ESIINFEKL,9,5.240174672,pmol/h/ng,Hearn_09,3.5 ug/ml,100 uM,
DSIINFEKL,9,1.746724891,pmol/h/ng,Hearn_09,3.5 ug/ml,100 uM,
GLEQLESIINFEKL,14,17.14285714,pmol/h/ng,York_02,3.5 ug/ml,150 uM,
HGEFAPGNYPAL,12,32.14285714,pmol/h/ng,York_02,3.5 ug/ml,150 uM,
QLESIINFEKL,11,30,pmol/h/ng,York_02,3.5 ug/ml,150 uM,
FIAGNSAYEYV,11,12.42857143,pmol/h/ng,York_02,3.5 ug/ml,150 uM,
EFAPGNYPAL,10,25.71428571,pmol/h/ng,York_02,3.5 ug/ml,150 uM,
KLGEFYNQMM,10,18.85714286,pmol/h/ng,York_02,3.5 ug/ml,150 uM,
LLDVPTAAV,9,34.28571429,pmol/h/ng,York_02,3.5 ug/ml,150 uM,
FAPGNYPAL,9,34.28571429,pmol/h/ng,York_02,3.5 ug/ml,150 uM,
ESIINFEKL,9,21.85714286,pmol/h/ng,York_02,3.5 ug/ml,150 uM,
GLVRLNAFL,9,17.14285714,pmol/h/ng,York_02,3.5 ug/ml,150 uM,
YMNGTMSQV,9,12,pmol/h/ng,York_02,3.5 ug/ml,150 uM,
ELRSLLVPFV,10,7.714285714,pmol/h/ng,York_02,3.5 ug/ml,150 uM,
GLQTIVKSL,9,3.428571429,pmol/h/ng,York_02,3.5 ug/ml,150 uM,
YILEETSVM,9,3,pmol/h/ng,York_02,3.5 ug/ml,150 uM,
YVLDHLIVV,9,2.571428571,pmol/h/ng,York_02,3.5 ug/ml,150 uM,
NLVPMVATV,9,2.571428571,pmol/h/ng,York_02,3.5 ug/ml,150 uM,
TLNAWVKVV,9,1.285714286,pmol/h/ng,York_02,3.5 ug/ml,150 uM,
ILDKKVEKV,9,0.857142857,pmol/h/ng,York_02,3.5 ug/ml,150 uM,
YTVKYPNL,8,7.714285714,pmol/h/ng,York_02,3.5 ug/ml,150 uM,
MIINFEKL,8,6.857142857,pmol/h/ng,York_02,3.5 ug/ml,150 uM,
SIINFEKL,8,6.428571429,pmol/h/ng,York_02,3.5 ug/ml,150 uM,
SALDFHKV,8,6.428571429,pmol/h/ng,York_02,3.5 ug/ml,150 uM,
AVYNFATC,8,6,pmol/h/ng,York_02,3.5 ug/ml,150 uM,
EQYKFYSV,8,1.285714286,pmol/h/ng,York_02,3.5 ug/ml,150 uM,
RGYNYEKL,8,1.285714286,pmol/h/ng,York_02,3.5 ug/ml,150 uM,
SIYRYYGL,8,0.857142857,pmol/h/ng,York_02,3.5 ug/ml,150 uM,