Peptide,Length,Host,IC50 (nM),Source
AAAAAAAAA,9,Human,45182.47399,DS_613
AAAAAAAAY,9,Human,435.9225313,DS_613
AAAAAAAAY,9,Rat_a,382.5649275,Gulber_98
AAAAAAAAY,9,Rat_u,1035.388816,Gulber_98
AAAAAAADY,9,Human,420.0881403,DS_613
AAAAAAARY,9,Human,124.0226918,DS_613
AAAAAAAYY,9,Human,1108.169182,DS_613
AAAAAADAY,9,Human,4598.403914,DS_613
AAAAAARAY,9,Human,351.9413517,DS_613
AAAAAAYAY,9,Human,160.0465239,DS_613
AAAAADAAY,9,Human,611.8361679,DS_613
AAAAARAAY,9,Human,83.97041607,DS_613
AAAAAYAAY,9,Human,200.0294383,DS_613
AAAADAAAY,9,Human,999.7093104,DS_613
AAAARAAAY,9,Human,160.0465239,DS_613
AAAAYAAAY,9,Human,200.0294383,DS_613
AAADAAAAY,9,Human,279.9089991,DS_613
AAADAAAAY,9,Rat_a,18292.58346,Gulber_98
AAADAAAAY,9,Rat_u,567.8503586,Gulber_98
AAAEAAAAY,9,Human,228.027115,DS_613
AAAEAAAAY,9,Rat_a,26519.5022,Gulber_98
AAAEAAAAY,9,Rat_u,488.6709396,Gulber_98
AAAFAAAAY,9,Human,91.97019407,DS_613
AAAFAAAAY,9,Rat_a,16843.51591,Gulber_98
AAAFAAAAY,9,Rat_u,254.9222937,Gulber_98
AAAGAAAAY,9,Human,336.1187591,DS_613
AAAGAAAAY,9,Rat_a,3248.907979,Gulber_98
AAAGAAAAY,9,Rat_u,627.6422422,Gulber_98
AAAHAAAAY,9,Human,67.99706531,DS_613
AAAHAAAAY,9,Rat_a,11618.29578,Gulber_98
AAAHAAAAY,9,Rat_u,254.9222937,Gulber_98
AAAIAAAAY,9,Human,495.9447588,DS_613
AAAIAAAAY,9,Rat_a,4372.901236,Gulber_98
AAAIAAAAY,9,Rat_u,4205.320708,Gulber_98
AAAKAAAAF,9,Human,400,DS_613
AAAKAAAAY,9,Human,96.01117079,DS_613
AAAKAAAAY,9,Rat_a,2976.765195,Gulber_98
AAAKAAAAY,9,Rat_u,268.0075001,Gulber_98
AAALAAAAY,9,Human,371.840332,DS_613
AAALAAAAY,9,Rat_a,4924.731665,Gulber_98
AAALAAAAY,9,Rat_u,1398.100053,Gulber_98
AAAMAAAAY,9,Human,83.97041607,DS_613
AAAMAAAAY,9,Rat_a,5885.751566,Gulber_98
AAAMAAAAY,9,Rat_u,268.0075001,Gulber_98
AAANAAAAY,9,Human,151.9367851,DS_613
AAANAAAAY,9,Rat_a,514.9172139,Gulber_98
AAANAAAAY,9,Rat_u,513.7545054,Gulber_98
AAAPAAAAY,9,Human,80.03504067,DS_613
AAAPAAAAY,9,Rat_a,49984.36565,Gulber_98
AAAPAAAAY,9,Rat_u,80.61350744,Gulber_98
AAAQAAAAY,9,Human,128.0556003,DS_613
AAAQAAAAY,9,Rat_a,1255.550499,Gulber_98
AAAQAAAAY,9,Rat_u,627.6422422,Gulber_98
AAARAAAAY,9,Human,80.03504067,DS_613
AAARAAAAY,9,Rat_a,899.5624477,Gulber_98
AAARAAAAY,9,Rat_u,230.637306,Gulber_98
AAASAAAAA,9,Human,14639.29378,DS_613
AAASAAAAA,9,Rat_a,3274.186923,Gulber_98
AAASAAAAA,9,Rat_u,343772.0133,Gulber_98
AAASAAAAD,9,Human,207412.4386,DS_613
AAASAAAAD,9,Rat_a,361894.2897,Gulber_98
AAASAAAAD,9,Rat_u,406789.6858,Gulber_98
AAASAAAAE,9,Human,21992.67115,DS_613
AAASAAAAE,9,Rat_a,380470.3876,Gulber_98
AAASAAAAE,9,Rat_u,373955.7585,Gulber_98
AAASAAAAF,9,Human,191.9940817,DS_613
AAASAAAAF,9,Rat_a,891.0171808,Gulber_98
AAASAAAAF,9,Rat_u,376.4819869,Gulber_98
AAASAAAAG,9,Human,156758.9489,DS_613
AAASAAAAG,9,Rat_a,93675.32504,Gulber_98
AAASAAAAG,9,Rat_u,329606.4212,Gulber_98
AAASAAAAH,9,Human,16211.31197,DS_613
AAASAAAAH,9,Rat_a,3804.703876,Gulber_98
AAASAAAAH,9,Rat_u,16614.26158,Gulber_98
AAASAAAAI,9,Human,1648.242005,DS_613
AAASAAAAI,9,Rat_a,488.6709396,Gulber_98
AAASAAAAI,9,Rat_u,247.1699467,Gulber_98
AAASAAAAK,9,Human,2521.135179,DS_613
AAASAAAAK,9,Rat_a,8910.171808,Gulber_98
AAASAAAAK,9,Rat_u,373955.7585,Gulber_98
AAASAAAAL,9,Human,2247.254543,DS_613
AAASAAAAL,9,Rat_a,806.1350744,Gulber_98
AAASAAAAL,9,Rat_u,1275.601326,Gulber_98
AAASAAAAM,9,Human,2687.763051,DS_613
AAASAAAAM,9,Rat_a,464.8120546,Gulber_98
AAASAAAAM,9,Rat_u,598.0914495,Gulber_98
AAASAAAAN,9,Human,82081.22191,DS_613
AAASAAAAN,9,Rat_a,9848.369606,Gulber_98
AAASAAAAN,9,Rat_u,329606.4212,Gulber_98
AAASAAAAP,9,Human,4700.68982,DS_613
AAASAAAAP,9,Rat_a,4000,Gulber_98
AAASAAAAP,9,Rat_u,2204.388118,Gulber_98
AAASAAAAQ,9,Human,25297.59339,DS_613
AAASAAAAQ,9,Rat_a,8061.350744,Gulber_98
AAASAAAAQ,9,Rat_u,15273.24563,Gulber_98
AAASAAAAR,9,Human,2039.509358,DS_613
AAASAAAAR,9,Rat_a,3442.251517,Gulber_98
AAASAAAAR,9,Rat_u,358546.4042,Gulber_98
AAASAAAAS,9,Human,724664.8471,DS_613
AAASAAAAS,9,Rat_a,114441.0228,Gulber_98
AAASAAAAS,9,Rat_u,329606.4212,Gulber_98
AAASAAAAT,9,Human,63099.27426,DS_613
AAASAAAAT,9,Rat_a,13298.39173,Gulber_98
AAASAAAAT,9,Rat_u,36957.55792,Gulber_98
AAASAAAAV,9,Human,2624.024658,DS_613
AAASAAAAV,9,Rat_a,1144.410228,Gulber_98
AAASAAAAV,9,Rat_u,1712.532959,Gulber_98
AAASAAAAW,9,Human,443.840182,DS_613
AAASAAAAW,9,Rat_a,254.9222937,Gulber_98
AAASAAAAW,9,Rat_u,257.7926421,Gulber_98
AAASAAAAY,9,Human,151.9367851,DS_613
AAASAAAAY,9,Rat_a,368.3380863,Gulber_98
AAASAAAAY,9,Rat_u,377.5808103,Gulber_98
AAASAAADY,9,Human,143.9497884,DS_613
AAASAAADY,9,Rat_a,442.1180565,Gulber_98
AAASAAADY,9,Rat_u,192.0200335,Gulber_98
AAASAAAEY,9,Human,312.1439773,DS_613
AAASAAAEY,9,Rat_a,296.2273877,Gulber_98
AAASAAAEY,9,Rat_u,873.4564936,Gulber_98
AAASAAAFY,9,Human,135.9741164,DS_613
AAASAAAFY,9,Rat_a,242.4759597,Gulber_98
AAASAAAFY,9,Rat_u,205.3933163,Gulber_98
AAASAAAGY,9,Human,56.00632031,DS_613
AAASAAAGY,9,Rat_a,72.93392003,Gulber_98
AAASAAAGY,9,Rat_u,205.3933163,Gulber_98
AAASAAAHY,9,Human,155.9389442,DS_613
AAASAAAHY,9,Rat_a,179.5700503,Gulber_98
AAASAAAHY,9,Rat_u,278.0771185,Gulber_98
AAASAAAIY,9,Human,115.9854262,DS_613
AAASAAAIY,9,Rat_a,154.5313195,Gulber_98
AAASAAAIY,9,Rat_u,246.3392844,Gulber_98
AAASAAAKY,9,Human,160.0465239,DS_613
AAASAAAKY,9,Rat_a,188.7874128,Gulber_98
AAASAAAKY,9,Rat_u,218.2237912,Gulber_98
AAASAAALY,9,Human,163.9341048,DS_613
AAASAAALY,9,Rat_a,327.4186923,Gulber_98
AAASAAALY,9,Rat_u,611.3226931,Gulber_98
AAASAAAMY,9,Human,96.01117079,DS_613
AAASAAAMY,9,Rat_a,154.5313195,Gulber_98
AAASAAAMY,9,Rat_u,151.7076076,Gulber_98
AAASAAANY,9,Human,115.9854262,DS_613
AAASAAANY,9,Rat_a,108.8535507,Gulber_98
AAASAAANY,9,Rat_u,278.0771185,Gulber_98
AAASAAAPY,9,Human,167.9161163,DS_613
AAASAAAPY,9,Rat_a,311.4327919,Gulber_98
AAASAAAPY,9,Rat_u,575.3799553,Gulber_98
AAASAAAQY,9,Human,175.9965772,DS_613
AAASAAAQY,9,Rat_a,380.4703876,Gulber_98
AAASAAAQY,9,Rat_u,261.7275652,Gulber_98
AAASAAARY,9,Human,135.9741164,DS_613
AAASAAARY,9,Rat_a,179.5700503,Gulber_98
AAASAAARY,9,Rat_u,246.3392844,Gulber_98
AAASAAASY,9,Human,60.00719953,DS_613
AAASAAASY,9,Rat_a,208.6658101,Gulber_98
AAASAAASY,9,Rat_u,261.7275652,Gulber_98
AAASAAATY,9,Human,83.97041607,DS_613
AAASAAATY,9,Rat_a,230.637306,Gulber_98
AAASAAATY,9,Rat_u,261.7275652,Gulber_98
AAASAAAVY,9,Human,135.9741164,DS_613
AAASAAAVY,9,Rat_a,344.2251517,Gulber_98
AAASAAAVY,9,Rat_u,354.3467162,Gulber_98
AAASAAAWY,9,Human,63.97321928,DS_613
AAASAAAWY,9,Rat_a,179.5700503,Gulber_98
AAASAAAWY,9,Rat_u,142.7879539,Gulber_98
AAASAAAYY,9,Human,100.0294404,DS_613
AAASAAAYY,9,Rat_a,120.3153007,Gulber_98
AAASAAAYY,9,Rat_u,112.0542704,Gulber_98
AAASAADAY,9,Human,900.0628076,DS_613
AAASAADAY,9,Rat_a,806.1350744,Gulber_98
AAASAADAY,9,Rat_u,690.08422,Gulber_98
AAASAAEAY,9,Human,191.9940817,DS_613
AAASAAEAY,9,Rat_a,198.4779041,Gulber_98
AAASAAEAY,9,Rat_u,181.9511179,Gulber_98
AAASAAFAY,9,Human,100.0294404,DS_613
AAASAAFAY,9,Rat_a,296.2273877,Gulber_98
AAASAAFAY,9,Rat_u,261.7275652,Gulber_98
AAASAAGAY,9,Human,791.9233027,DS_613
AAASAAGAY,9,Rat_a,2086.658101,Gulber_98
AAASAAGAY,9,Rat_u,3139.039881,Gulber_98
AAASAAHAY,9,Human,128.0556003,DS_613
AAASAAHAY,9,Rat_a,132.9839173,Gulber_98
AAASAAHAY,9,Rat_u,218.2237912,Gulber_98
AAASAAIAY,9,Human,108.0360046,DS_613
AAASAAIAY,9,Rat_a,154.5313195,Gulber_98
AAASAAIAY,9,Rat_u,575.3799553,Gulber_98
AAASAAKAY,9,Human,499.9282295,DS_613
AAASAAKAY,9,Rat_a,984.8369606,Gulber_98
AAASAAKAY,9,Rat_u,1517.076076,Gulber_98
AAASAALAY,9,Human,111.9961558,DS_613
AAASAALAY,9,Rat_a,361.8942897,Gulber_98
AAASAALAY,9,Rat_u,246.3392844,Gulber_98
AAASAAMAY,9,Human,100.0294404,DS_613
AAASAAMAY,9,Rat_a,420.5320708,Gulber_98
AAASAAMAY,9,Rat_u,181.9511179,Gulber_98
AAASAANAY,9,Human,200.0294383,DS_613
AAASAANAY,9,Rat_a,442.1180565,Gulber_98
AAASAANAY,9,Rat_u,193.3172095,Gulber_98
AAASAAPAY,9,Human,28.00728198,DS_613
AAASAAPAY,9,Rat_a,139.8100053,Gulber_98
AAASAAPAY,9,Rat_u,151.7076076,Gulber_98
AAASAAPEY,9,Human,71.98548829,DS_613
AAASAAQAY,9,Human,256.0735088,DS_613
AAASAAQAY,9,Rat_a,344.2251517,Gulber_98
AAASAAQAY,9,Rat_u,261.7275652,Gulber_98
AAASAARAY,9,Human,151.9367851,DS_613
AAASAARAY,9,Rat_a,254.9222937,Gulber_98
AAASAARAY,9,Rat_u,354.3467162,Gulber_98
AAASAASAY,9,Human,856.1662265,DS_613
AAASAASAY,9,Rat_a,488.6709396,Gulber_98
AAASAASAY,9,Rat_u,313.9039881,Gulber_98
AAASAATAY,9,Human,299.9046369,DS_613
AAASAATAY,9,Rat_a,693.7299207,Gulber_98
AAASAATAY,9,Rat_u,313.9039881,Gulber_98
AAASAAVAY,9,Human,108.0360046,DS_613
AAASAAVAY,9,Rat_a,268.0075001,Gulber_98
AAASAAVAY,9,Rat_u,151.7076076,Gulber_98
AAASAAWAY,9,Human,135.9741164,DS_613
AAASAAWAY,9,Rat_a,400,Gulber_98
AAASAAWAY,9,Rat_u,205.3933163,Gulber_98
AAASAAYAY,9,Human,48.0126514,DS_613
AAASAAYAY,9,Rat_a,132.9839173,Gulber_98
AAASAAYAY,9,Rat_u,99.26515691,Gulber_98
AAASADAAY,9,Human,256.0735088,DS_613
AAASADAAY,9,Rat_a,4056.515888,Gulber_98
AAASADAAY,9,Rat_u,1088.535507,Gulber_98
AAASAEAAY,9,Human,115.9854262,DS_613
AAASAEAAY,9,Rat_a,1416.328303,Gulber_98
AAASAEAAY,9,Rat_u,268.0075001,Gulber_98
AAASAFAAY,9,Human,167.9161163,DS_613
AAASAFAAY,9,Rat_a,140.4687457,Gulber_98
AAASAFAAY,9,Rat_u,254.9222937,Gulber_98
AAASAGAAY,9,Human,111.9961558,DS_613
AAASAGAAY,9,Rat_a,4884.255144,Gulber_98
AAASAGAAY,9,Rat_u,420.5320708,Gulber_98
AAASAHAAY,9,Human,151.9367851,DS_613
AAASAHAAY,9,Rat_a,378.1701375,Gulber_98
AAASAHAAY,9,Rat_u,361.8942897,Gulber_98
AAASAIAAY,9,Human,60.00719953,DS_613
AAASAIAAY,9,Rat_a,1018.110129,Gulber_98
AAASAIAAY,9,Rat_u,162.4634395,Gulber_98
AAASAKAAY,9,Human,96.01117079,DS_613
AAASAKAAY,9,Rat_a,1018.110129,Gulber_98
AAASAKAAY,9,Rat_u,219.376663,Gulber_98
AAASALAAY,9,Human,175.9965772,DS_613
AAASALAAY,9,Rat_a,526.0855911,Gulber_98
AAASALAAY,9,Rat_u,230.637306,Gulber_98
AAASAMAAY,9,Human,155.9389442,DS_613
AAASAMAAY,9,Rat_a,362.8825498,Gulber_98
AAASAMAAY,9,Rat_u,188.7874128,Gulber_98
AAASANAAY,9,Human,119.9967366,DS_613
AAASANAAY,9,Rat_a,899.5624477,Gulber_98
AAASANAAY,9,Rat_u,420.5320708,Gulber_98
AAASAPAAY,9,Human,124.0226918,DS_613
AAASAPAAY,9,Rat_a,3973.677414,Gulber_98
AAASAPAAY,9,Rat_u,179.5700503,Gulber_98
AAASAQAAY,9,Human,139.9750996,DS_613
AAASAQAAY,9,Rat_a,828.3025981,Gulber_98
AAASAQAAY,9,Rat_u,729.3392003,Gulber_98
AAASARAAY,9,Human,135.9741164,DS_613
AAASARAAY,9,Rat_a,526.0855911,Gulber_98
AAASARAAY,9,Rat_u,596.998218,Gulber_98
AAASASAAY,9,Human,299.9046369,DS_613
AAASASAAY,9,Rat_a,362.8825498,Gulber_98
AAASASAAY,9,Rat_u,488.6709396,Gulber_98
AAASATAAY,9,Human,256.0735088,DS_613
AAASATAAY,9,Rat_a,731.8559074,Gulber_98
AAASATAAY,9,Rat_u,693.7299207,Gulber_98
AAASAVAAY,9,Human,188.0042459,DS_613
AAASAVAAY,9,Rat_a,394.1017637,Gulber_98
AAASAVAAY,9,Rat_u,281.7643726,Gulber_98
AAASAWAAY,9,Human,204.070301,DS_613
AAASAWAAY,9,Rat_a,109.6611568,Gulber_98
AAASAWAAY,9,Rat_u,208.6658101,Gulber_98
AAASAYAAY,9,Human,239.9581534,DS_613
AAASAYAAY,9,Rat_a,96.89232607,Gulber_98
AAASAYAAY,9,Rat_u,208.6658101,Gulber_98
AAASDAAAY,9,Human,276.0175766,DS_613
AAASDAAAY,9,Rat_a,1602.977309,Gulber_98
AAASDAAAY,9,Rat_u,693.7299207,Gulber_98
AAASEAAAY,9,Human,499.9282295,DS_613
AAASEAAAY,9,Rat_a,394.1017637,Gulber_98
AAASEAAAY,9,Rat_u,1144.410228,Gulber_98
AAASFAAAY,9,Human,88.01124119,DS_613
AAASFAAAY,9,Rat_a,295.229907,Gulber_98
AAASFAAAY,9,Rat_u,120.3153007,Gulber_98
AAASGAAAY,9,Human,756.3199849,DS_613
AAASGAAAY,9,Rat_a,4884.255144,Gulber_98
AAASGAAAY,9,Rat_u,1469.864776,Gulber_98
AAASHAAAY,9,Human,160.0465239,DS_613
AAASHAAAY,9,Rat_a,203.6432536,Gulber_98
AAASHAAAY,9,Rat_u,281.7643726,Gulber_98
AAASIAAAY,9,Human,75.97957446,DS_613
AAASIAAAY,9,Rat_a,428.0068033,Gulber_98
AAASIAAAY,9,Rat_u,208.6658101,Gulber_98
AAASKAAAY,9,Human,231.9367133,DS_613
AAASKAAAY,9,Rat_a,334.1364011,Gulber_98
AAASKAAAY,9,Rat_u,126.4911064,Gulber_98
AAASLAAAY,9,Human,96.01117079,DS_613
AAASLAAAY,9,Rat_a,548.2486287,Gulber_98
AAASLAAAY,9,Rat_u,488.6709396,Gulber_98
AAASMAAAY,9,Human,128.0556003,DS_613
AAASMAAAY,9,Rat_a,187.5114246,Gulber_98
AAASMAAAY,9,Rat_u,327.4186923,Gulber_98
AAASNAAAY,9,Human,320.0459397,DS_613
AAASNAAAY,9,Rat_a,1105.699345,Gulber_98
AAASNAAAY,9,Rat_u,400,Gulber_98
AAASPAAAY,9,Human,80.03504067,DS_613
AAASPAAAY,9,Rat_a,45346.13515,Gulber_98
AAASPAAAY,9,Rat_u,208.6658101,Gulber_98
AAASQAAAY,9,Human,143.9497884,DS_613
AAASQAAAY,9,Rat_a,203.6432536,Gulber_98
AAASQAAAY,9,Rat_u,311.4327919,Gulber_98
AAASRAAAY,9,Human,100.0294404,DS_613
AAASRAAAY,9,Rat_a,89.21689163,Gulber_98
AAASRAAAY,9,Rat_u,230.637306,Gulber_98
AAASSAAAY,9,Human,336.1187591,DS_613
AAASSAAAY,9,Rat_a,203.6432536,Gulber_98
AAASSAAAY,9,Rat_u,344.2251517,Gulber_98
AAASTAAAY,9,Human,175.9965772,DS_613
AAASTAAAY,9,Rat_a,240.1898301,Gulber_98
AAASTAAAY,9,Rat_u,400,Gulber_98
AAASVAAAY,9,Human,216.0402099,DS_613
AAASVAAAY,9,Rat_a,109.6611568,Gulber_98
AAASVAAAY,9,Rat_u,659.8592296,Gulber_98
AAASWAAAY,9,Human,44.01209784,DS_613
AAASWAAAY,9,Rat_a,146.3864408,Gulber_98
AAASWAAAY,9,Rat_u,146.9864776,Gulber_98
AAASYAAAY,9,Human,75.97957446,DS_613
AAASYAAAY,9,Rat_a,195.4109429,Gulber_98
AAASYAAAY,9,Rat_u,170.8027166,Gulber_98
AAATAAAAY,9,Human,124.0226918,DS_613
AAATAAAAY,9,Rat_a,1050.545411,Gulber_98
AAATAAAAY,9,Rat_u,400,Gulber_98
AAAVAAAAY,9,Human,91.97019407,DS_613
AAAVAAAAY,9,Rat_a,2274.566827,Gulber_98
AAAVAAAAY,9,Rat_u,254.9222937,Gulber_98
AAAWAAAAY,9,Human,67.99706531,DS_613
AAAWAAAAY,9,Rat_a,6519.981617,Gulber_98
AAAWAAAAY,9,Rat_u,72.93392003,Gulber_98
AAAYAAAAY,9,Human,96.01117079,DS_613
AAAYAAAAY,9,Rat_a,13703.3584,Gulber_98
AAAYAAAAY,9,Rat_u,254.9222937,Gulber_98
AADAAAAAY,9,Human,6479.927151,DS_613
AADAKAAAY,9,Human,315.9122696,DS_613
AADKAAAAY,9,Human,3000.290952,DS_613
AADSAAAAY,9,Human,1819.768451,DS_613
AADSAAAAY,9,Rat_a,3333.102512,Gulber_98
AADSAAAAY,9,Rat_u,4056.515888,Gulber_98
AAEKAAAAY,9,Human,1079.728119,DS_613
AAESAAAAY,9,Human,624.1960783,DS_613
AAESAAAAY,9,Rat_a,1426.586882,Gulber_98
AAESAAAAY,9,Rat_u,1416.328303,Gulber_98
AAFEFINSL,9,Mouse,44.0007411,Burgevin_08
AAFEFINSLLK,11,Mouse,4999.99985,Burgevin_08
AAFSAAAAY,9,Human,39.98340716,DS_613
AAFSAAAAY,9,Rat_a,137.2800231,Gulber_98
AAFSAAAAY,9,Rat_u,140.4687457,Gulber_98
AAGSAAAAY,9,Human,2236.046314,DS_613
AAGSAAAAY,9,Rat_a,4212.285113,Gulber_98
AAGSAAAAY,9,Rat_u,4884.255144,Gulber_98
AAHSAAAAY,9,Human,115.9854262,DS_613
AAHSAAAAY,9,Rat_a,206.7893881,Gulber_98
AAHSAAAAY,9,Rat_u,378.1701375,Gulber_98
AAIAAAIAA,9,Human,10398.99605,DS_613
AAISAAAAY,9,Human,100.0294404,DS_613
AAISAAAAY,9,Rat_a,382.3046714,Gulber_98
AAISAAAAY,9,Rat_u,1018.110129,Gulber_98
AAKSAAAAY,9,Human,308.1123678,DS_613
AAKSAAAAY,9,Rat_a,1004.140754,Gulber_98
AAKSAAAAY,9,Rat_u,1018.110129,Gulber_98
AALSAAAAY,9,Human,104.0076597,DS_613
AALSAAAAY,9,Rat_a,311.4936175,Gulber_98
AALSAAAAY,9,Rat_u,526.0855911,Gulber_98
AAMSAAAAY,9,Human,80.03504067,DS_613
AAMSAAAAY,9,Rat_a,359.4698752,Gulber_98
AAMSAAAAY,9,Rat_u,362.8825498,Gulber_98
AANSAAAAY,9,Human,683.6626178,DS_613
AANSAAAAY,9,Rat_a,861.2720217,Gulber_98
AANSAAAAY,9,Rat_u,899.5624477,Gulber_98
AAPSAAAAY,9,Human,380.1114682,DS_613
AAPSAAAAY,9,Rat_a,1603.735601,Gulber_98
AAPSAAAAY,9,Rat_u,3973.677414,Gulber_98
AAQSAAAAY,9,Human,248.0088788,DS_613
AAQSAAAAY,9,Rat_a,310.7536186,Gulber_98
AAQSAAAAY,9,Rat_u,828.3025981,Gulber_98
AARAAAAAY,9,Human,248.0088788,DS_613
AARAVFLAL,9,Human,900,Chang_96
AARSAAAAY,9,Human,163.9341048,DS_613
AARSAAAAY,9,Rat_a,442.5402581,Gulber_98
AARSAAAAY,9,Rat_u,526.0855911,Gulber_98
AASSAAAAY,9,Human,115.9854262,DS_613
AASSAAAAY,9,Rat_a,268.6395109,Gulber_98
AASSAAAAY,9,Rat_u,362.8825498,Gulber_98
AATSAAAAY,9,Human,219.9641431,DS_613
AATSAAAAY,9,Rat_a,310.7536186,Gulber_98
AATSAAAAY,9,Rat_u,731.8559074,Gulber_98
AAVSAAAAY,9,Human,39.98340716,DS_613
AAVSAAAAY,9,Rat_a,78.73054522,Gulber_98
AAVSAAAAY,9,Rat_u,394.1017637,Gulber_98
AAWSAAAAY,9,Human,31.9913178,DS_613
AAWSAAAAY,9,Rat_a,88.50703726,Gulber_98
AAWSAAAAY,9,Rat_u,109.6611568,Gulber_98
AAYAAAAAY,9,Human,96.01117079,DS_613
AAYSAAAAY,9,Human,15.99801332,DS_613
AAYSAAAAY,9,Rat_a,66.05283203,Gulber_98
AAYSAAAAY,9,Rat_u,96.89232607,Gulber_98
ADAAAAAAY,9,Human,9561.162003,DS_613
ADAKAAAAV,9,Human,40557.03553,DS_613
ADASAAAAY,9,Human,2247.254543,DS_613
ADASAAAAY,9,Rat_a,1399.462807,Gulber_98
ADASAAAAY,9,Rat_u,1602.977309,Gulber_98
AEASAAAAY,9,Human,271.9082103,DS_613
AEASAAAAY,9,Rat_a,307.0051558,Gulber_98
AEASAAAAY,9,Rat_u,394.1017637,Gulber_98
AEDKENYKKF,10,Human,1560,Endert_95
AEFPDAPDSAAAAY,14,Human,4512.5,Daniel_98
AEFPDSAAAAY,11,Human,6387.5,Daniel_98
AEFSAAAAPDAPDY,14,Human,4825,Daniel_98
AEFSAAAAPDY,11,Human,1404,Daniel_98
AEFSAAAAY,9,Human,539.943523,DS_613
AEFSAAAAYPD,11,Human,27325,Daniel_98
AEFSAAAAYPDAPD,14,Human,30762.5,Daniel_98
AEFSAAPDAAY,11,Human,1387.5,Daniel_98
AEFSAAPDAPDAAY,14,Human,7325,Daniel_98
AEFSPDAAAY,10,Human,2012.5,Daniel_98
AEFSPDAPDAAAAY,14,Human,2325,Daniel_98
AEMGKGSFY,9,Human,80.03504067,DS_613
AEPDAPDFSAAAAY,14,Human,3262.5,Daniel_98
AEPDFSAAAAY,11,Human,12637.5,Daniel_98
AFAKAAAAF,9,Human,400,DS_613
AFAKAAAAV,9,Human,4082.498866,DS_613
AFASAAAAY,9,Human,151.9367851,DS_613
AFASAAAAY,9,Rat_a,123.5538418,Gulber_98
AFASAAAAY,9,Rat_u,295.229907,Gulber_98
AFAYYVKIK,9,Human,2400.577343,DS_613
AFEFINSLLK,10,Mouse,33800.02265,Burgevin_08
AFYFDSYFA,9,Human,179.9114071,DS_613
AGAAAAAAK,9,Human,200078.3957,DS_613
AGAKAAAAV,9,Human,57208.88784,DS_613
AGASAAAAY,9,Human,1911.157861,DS_613
AGASAAAAY,9,Rat_a,3448.186036,Gulber_98
AGASAAAAY,9,Rat_u,4884.255144,Gulber_98
AGDRTFQKW,9,Human,56020.02791,DS_613
AGRIDKPILKA,11,Human,1900,Endert_95
AHASAAAAY,9,Human,879.5976149,DS_613
AHASAAAAY,9,Rat_a,215.4874627,Gulber_98
AHASAAAAY,9,Rat_u,203.6432536,Gulber_98
AIAAAAAAK,9,Human,18406.59949,DS_613
AIAKAAAAV,9,Human,34388.05508,DS_613
AIAKAAAAY,9,Human,200.0294383,DS_613
AIASAAAAY,9,Human,175.9965772,DS_613
AIASAAAAY,9,Rat_a,385.4499758,Gulber_98
AIASAAAAY,9,Rat_u,428.0068033,Gulber_98
AIFDRSIEG,9,Mouse,15200.57412,Burgevin_08
AIFVYKSDS,9,Human,18006.07621,DS_613
AIITPVVFY,9,Mouse,99.99078809,Burgevin_08
AIMVASDVC,9,Mouse,4400.07411,Burgevin_08
AIRLKVFVL,9,Human,360.129809,DS_613
AIRSKEDVP,9,Mouse,141990.7298,Burgevin_08
AKAAAAAAK,9,Human,22798.83112,DS_613
AKAKAAAAF,9,Human,720.1536177,DS_613
AKASAAAAY,9,Human,231.9367133,DS_613
AKASAAAAY,9,Rat_a,535.4407529,Gulber_98
AKASAAAAY,9,Rat_u,334.1364011,Gulber_98
AKITSYKFE,9,Mouse,73596.97959,Burgevin_08
ALAAAAAAA,9,Human,34733.66078,DS_613
ALAAAAAAE,9,Human,563805.4629,DS_613
ALAAAAAAK,9,Human,27986.13666,DS_613
ALAAAAAAQ,9,Human,57668.39452,DS_613
ALAAAAAAR,9,Human,8773.267098,DS_613
ALAAAAAAT,9,Human,264465.0928,DS_613
ALACAAAAV,9,Human,43672.09187,DS_613
ALADAAAAV,9,Human,18535.8977,DS_613
ALAKAAAAF,9,Human,551.9539104,DS_613
ALAKAAAAG,9,Human,188803.9676,DS_613
ALAKAAAAI,9,Human,5071.868388,DS_613
ALAKAAAAL,9,Human,795.8928348,DS_613
ALAKAAAAN,9,Human,53022.12441,DS_613
ALAKAAAAR,9,Human,2780.718279,DS_613
ALAKAAAAV,9,Human,21492.61243,DS_613
ALAKAAAAY,9,Human,284.1392819,DS_613
ALAKAAAEV,9,Human,16805.55133,DS_613
ALAKAAAFV,9,Human,7898.787511,DS_613
ALAKAAAGV,9,Human,26382.72047,DS_613
ALAKAAALV,9,Human,57957.45855,DS_613
ALAKAAAPV,9,Human,15842.707,DS_613
ALAKAAEAV,9,Human,10091.65927,DS_613
ALAKAALAV,9,Human,2364.837403,DS_613
ALAKAANAV,9,Human,7306.097461,DS_613
ALAKAAPAV,9,Human,7820.193262,DS_613
ALAKAAYAV,9,Human,1152.241606,DS_613
ALAKAGAAV,9,Human,14107.53805,DS_613
ALAKAIAAV,9,Human,3157.274856,DS_613
ALAKAPAAV,9,Human,11830.83511,DS_613
ALAKARAAV,9,Human,6377.073341,DS_613
ALAKAYAAV,9,Human,2283.499805,DS_613
ALAKEAAAV,9,Human,25757.07298,DS_613
ALAKGAAAV,9,Human,22594.56223,DS_613
ALAKLAAAV,9,Human,2693.143956,DS_613
ALAKNAAAV,9,Human,5112.606069,DS_613
ALAKYAAAV,9,Human,6133.154808,DS_613
ALAPAAAAV,9,Human,21024.93823,DS_613
ALASAAAAY,9,Human,135.9741164,DS_613
ALASAAAAY,9,Rat_a,369.5452181,Gulber_98
ALASAAAAY,9,Rat_u,548.2486287,Gulber_98
ALATAAAAV,9,Human,12412.56503,DS_613
ALAVAAAAV,9,Human,43672.09187,DS_613
ALEKAAAAV,9,Human,63606.09303,DS_613
ALFKAAAAV,9,Human,2159.138432,DS_613
ALFKDWEEL,9,Human,1400.331883,DS_613
ALKKAAAAV,9,Human,30805.99359,DS_613
ALMKAAAAV,9,Human,6564.716138,DS_613
ALMPLYACI,9,Human,219.9641431,DS_613
ALMPLYASI,9,Human,2521.135179,DS_613
ALSKAAAAV,9,Human,32678.23527,DS_613
ALSRKVAEL,9,Human,2958.57954,DS_613
AMAKAAAAV,9,Human,5189.873215,DS_613
AMASAAAAY,9,Human,131.9554739,DS_613
AMASAAAAY,9,Rat_a,385.182501,Gulber_98
AMASAAAAY,9,Rat_u,187.5114246,Gulber_98
AMVEYVSTG,9,Mouse,42399.42738,Burgevin_08
ANAAAAAAK,9,Human,43584.83497,DS_613
ANAKAAAAV,9,Human,33977.86449,DS_613
ANASAAAAY,9,Human,2047.683733,DS_613
ANASAAAAY,9,Rat_a,1911.545264,Gulber_98
ANASAAAAY,9,Rat_u,1105.699345,Gulber_98
ANYFLQISR,9,Mouse,54797.40486,Burgevin_08
APAAAAAAK,9,Human,869318.2364,DS_613
APAKAAAAF,9,Human,25070.93653,DS_613
APAKAAAAV,9,Human,508115.746,DS_613
APAPPPKPM,9,Human,34011.85935,DS_613
APASAAAAY,9,Human,21665.24293,DS_613
APASAAAAY,9,Rat_a,65859.92027,Gulber_98
APASAAAAY,9,Rat_u,45346.13515,Gulber_98
APDAPDEFSAAAAY,14,Human,87637.5,Daniel_98
APDEFSAAAAY,11,Human,39825,Daniel_98
AQASAAAAY,9,Human,91.97019407,DS_613
AQASAAAAY,9,Rat_a,244.8754444,Gulber_98
AQASAAAAY,9,Rat_u,203.6432536,Gulber_98
AQGATEGFL,9,Mouse,7999.447479,Burgevin_08
AQMFTDPPK,9,Mouse,367586.8709,Burgevin_08
AQVPLRPMTYKA,12,Human,200,Endert_95
AQWIKWVYG,9,Human,263.8721082,DS_613
AQYEIEMPL,9,Human,80.03504067,DS_613
ARAAAAAAA,9,Human,4001.659972,DS_613
ARAAAAAAE,9,Human,453823.914,DS_613
ARAAAAAAK,9,Human,6182.416832,DS_613
ARAAAAAAL,9,Human,662.7710825,DS_613
ARAAAAAAY,9,Human,167.9161163,DS_613
ARAAAAIAK,9,Human,760.1110546,DS_613
ARASAAAAY,9,Human,88.01124119,DS_613
ARASAAAAY,9,Rat_a,250.7861664,Gulber_98
ARASAAAAY,9,Rat_u,89.21689163,Gulber_98
ARFAAAIAK,9,Human,75.97957446,DS_613
ARIAAAAAK,9,Human,2159.138432,DS_613
ARIAAAIAA,9,Human,840.0526321,DS_613
ARIAAAIAK,9,Human,400,DS_613
ARIAAAIAL,9,Human,160.0465239,DS_613
ARIAAAIAR,9,Human,160.0465239,DS_613
ARIDKPILA,9,Human,491.9930287,DS_613
ARLFGIRAK,9,Human,1799.860691,DS_613
ARRYQKSTELA,11,Human,2600,Endert_95
ARVIKRKFN,9,Mouse,21001.96795,Burgevin_08
ARYAAAIAK,9,Human,235.913343,DS_613
ARYNASTEL,9,Human,5138.233113,DS_613
ARYQKSTEA,9,Human,188.0042459,DS_613
ASASAAAAY,9,Human,115.9854262,DS_613
ASASAAAAY,9,Rat_a,204.862036,Gulber_98
ASASAAAAY,9,Rat_u,203.6432536,Gulber_98
ASIAGVQSI,9,Human,5999.698801,DS_613
ASVQISFNP,9,Human,4001.659972,DS_613
ATAAAAAAK,9,Human,47976.40215,DS_613
ATASAAAAY,9,Human,151.9367851,DS_613
ATASAAAAY,9,Rat_a,339.6774489,Gulber_98
ATASAAAAY,9,Rat_u,240.1898301,Gulber_98
ATDKAAAAY,9,Human,999.7093104,DS_613
ATEKAAAAY,9,Human,1279.806978,DS_613
AVAAAAAAAK,10,Human,9400,Endert_95
AVAAAAAAK,9,Human,9599.483243,DS_613
AVAKAAAAY,9,Human,175.9965772,DS_613
AVASAAAAY,9,Human,83.97041607,DS_613
AVASAAAAY,9,Rat_a,146.2372453,Gulber_98
AVASAAAAY,9,Rat_u,109.6611568,Gulber_98
AVFDSKLIS,9,Mouse,1560.127138,Burgevin_08
AVKDVTITKK,10,Mouse,1119999.919,Burgevin_08
AVLFINSIH,9,Mouse,2319.850463,Burgevin_08
AVPLRPMTYA,10,Human,5000,Endert_95
AVRAFLLRH,9,Mouse,191.98177,Burgevin_08
AVVADLSAR,9,Mouse,63600.42113,Burgevin_08
AVVASGFQT,9,Human,7596.66449,DS_613
AVYGNIKHK,9,Mouse,117587.1844,Burgevin_08
AWASAAAAY,9,Human,39.98340716,DS_613
AWASAAAAY,9,Rat_a,36.71163277,Gulber_98
AWASAAAAY,9,Rat_u,146.3864408,Gulber_98
AYAAAAAAK,9,Human,22459.40075,DS_613
AYAAAAAAY,9,Human,652.2738878,DS_613
AYAKAAAAF,9,Human,412.1818136,DS_613
AYAKAAAAK,9,Human,8155.636376,DS_613
AYAKAAAAL,9,Human,1207.689788,DS_613
AYAKAAAAY,9,Human,320.0459397,DS_613
AYASAAAAY,9,Human,163.9341048,DS_613
AYASAAAAY,9,Rat_a,395.3195427,Gulber_98
AYASAAAAY,9,Rat_u,195.4109429,Gulber_98
AYGLDFYIL,9,Human,4733.333333,Chang_96
AYLYTEYFLFL,11,Mouse,199.999998,Burgevin_08
AYRVEFDKY,9,Human,252.008936,DS_613
CAPHRVSGV,9,Mouse,516012.2257,Burgevin_08
CKLKIISNDYK,11,Mouse,95999.94657,Burgevin_08
CLCCLLTMV,9,Human,379824.4864,DS_613
CLFKDWEEL,9,Human,14522.64664,DS_613
CQITNGYLI,9,Mouse,440.007411,Burgevin_08
CSYDMFNLL,9,Mouse,639.9705531,Burgevin_08
CSYQSFLFW,9,Mouse,799.9447479,Burgevin_08
CYSLPNAGDVI,11,Mouse,65200.05939,Burgevin_08
DAAAAAAAY,9,Human,18480.37334,DS_613
DAASAAAAY,9,Human,7498.546998,DS_613
DAASAAAAY,9,Rat_a,19524.70953,Gulber_98
DAASAAAAY,9,Rat_u,18292.58346,Gulber_98
DAVKDVTITKK,11,Mouse,400000,Burgevin_08
DDNTLRVLQ,9,Mouse,839962.6815,Burgevin_08
DFIGPYIIG,9,Mouse,134790.7194,Burgevin_08
DFKSVADSY,9,Human,9599.483243,DS_613
DGLNDYLHSV,10,Mouse,181999.8338,Burgevin_08
DIDFLIEEI,9,Human,400097.9004,DS_613
DKIVTMMKY,9,Mouse,4800.207281,Burgevin_08
DLAKAAAAV,9,Human,363111.2525,DS_613
DLMGYIPLV,9,Human,63988.87679,DS_613
DMAAQITQR,9,Human,10801.76199,DS_613
DMCDIYLLY,9,Mouse,280.0012637,Burgevin_08
DNTYLFNILY,10,Mouse,4400.00319,Burgevin_08
DNTYLFNILYK,11,Mouse,177600.0122,Burgevin_08
DPALDSEVD,9,Human,208035.6102,DS_613
DPTKSSITK,9,Human,599867.7823,DS_613
DQNGKYVNP,9,Human,257162.7796,DS_613
DRPSTRNFFEL,11,Mouse,740.0004628,Burgevin_08
DSDDKYKAV,9,Human,120026.1059,DS_613
DSIYLDTAR,9,Human,5200.263348,DS_613
DSIYQYVRL,9,Mouse,1439.991708,Burgevin_08
DVFRDPALK,9,Human,16001.92885,DS_613
DWSSDWERR,9,Mouse,56801.52442,Burgevin_08
DYDASYDKD,9,Human,52024.21421,DS_613
DYIYGIPLSL,10,Mouse,2599.997865,Burgevin_08
EAAFEFINSL,10,Mouse,2999.998181,Burgevin_08
EAASAAAAY,9,Human,7498.546998,DS_613
EAASAAAAY,9,Rat_a,10673.07348,Gulber_98
EAASAAAAY,9,Rat_u,26519.5022,Gulber_98
EADPTGHSY,9,Human,93333.33333,Chang_96
EAPLPGNVL,9,Mouse,293602.6637,Burgevin_08
EAVYGNIKHK,10,Mouse,720000.8205,Burgevin_08
EDLRVLSFI,9,Human,27986.13666,DS_613
EEFQFIKKA,9,Human,13995.12799,DS_613
EEFYVDLER,9,Human,216093.0859,DS_613
EENLLDFVRF,10,Human,87200,Endert_95
EFINKFLEF,9,Mouse,1439.991708,Burgevin_08
EFLNISWFYI,10,Mouse,1399.999857,Burgevin_08
EGTHVLLPFY,10,Mouse,10800.00586,Burgevin_08
EIAPVFVLL,9,Human,52389.66128,DS_613
EIERLGQDL,9,Human,400097.9004,DS_613
EIEVLAKSR,9,Human,359857.9133,DS_613
EIHYLFRCV,9,Mouse,5479.740486,Burgevin_08
EIRLKVFVL,9,Human,6402.632719,DS_613
EIRRYNASTELLI,13,Human,9129.812773,Uebel_95
EIRRYNASTELLIR,14,Human,4021.704597,Uebel_95
EIRYNASTELR,11,Human,2701.918297,Uebel_95
EITYRFYLI,9,Mouse,1960.017691,Burgevin_08
ELAEYLYNI,9,Human,63988.87679,DS_613
ELDTISTPQ,9,Human,224014.1609,DS_613
ELMYIFAAL,9,Mouse,13479.07194,Burgevin_08
ERPLIFLRL,9,Human,2400.577343,DS_613
ESGPSIVHR,9,Human,34011.85935,DS_613
EVDPIGHLY,9,Human,186400,Fleischhauer_96
EYTPQIYTY,9,Mouse,1360.066023,Burgevin_08
FAASAAAAY,9,Human,5369.362939,DS_613
FAASAAAAY,9,Rat_a,56182.48894,Gulber_98
FAASAAAAY,9,Rat_u,16843.51591,Gulber_98
FADAYKIYD,9,Human,72003.1068,DS_613
FAIKNTDDV,9,Mouse,79206.34832,Burgevin_08
FGDPRQSFR,9,Human,171178.9102,DS_613
FIDVRLSPA,9,Human,120026.1059,DS_613
FILGIIITV,9,Mouse,320007.3779,Burgevin_08
FISVKIDFV,9,Human,52024.21421,DS_613
FIYTYDRV,8,Mouse,19639.97774,Burgevin_08
FKDYSDKKA,9,Human,25989.93293,DS_613
FKGSLTGNM,9,Human,255880.1749,DS_613
FKIFKIFSD,9,Human,25989.93293,DS_613
FKYAVKIVK,9,Human,6402.632719,DS_613
FLAKAAAAV,9,Human,126685.7066,DS_613
FLAKKPEDK,9,Human,666279.5106,DS_613
FLCKQYLNL,9,Human,149561.7376,DS_613
FLFPYGNPS,9,Human,342649.9144,DS_613
FLIEEIERL,9,Human,400097.9004,DS_613
FLIEEIERL,9,Mouse,22400.61755,Burgevin_08
FLIVSLCPT,9,Mouse,59601.88447,Burgevin_08
FLLTRILTI,9,Human,4829.337372,DS_613
FLMMNKDEL,9,Mouse,66398.76342,Burgevin_08
FLNISWFYI,9,Mouse,1880.009273,Burgevin_08
FLTKQYLNL,9,Human,154425.1122,DS_613
FLTSVINRV,9,Mouse,5520.265824,Burgevin_08
FLWGPRALV,9,Human,11596.56888,DS_613
FRYNGLIHR,9,Human,360.129809,DS_613
FRYNGLIHR,9,Mouse,22400.61755,Burgevin_08
FTFKPIKLP,9,Human,1200.465344,DS_613
FTIQNNTKL,9,Mouse,39360.44423,Burgevin_08
FVYFDIVIF,9,Human,72003.1068,DS_613
FVYFDIVIF,9,Mouse,6799.234053,Burgevin_08
FWFKNTQFDI,10,Mouse,680.0001231,Burgevin_08
FYEFHNSGT,9,Human,349921.6485,DS_613
FYIDYDSFF,9,Human,3198.587379,DS_613
GAASAAAAY,9,Human,1500.366285,DS_613
GAASAAAAY,9,Rat_a,2742.366942,Gulber_98
GAASAAAAY,9,Rat_u,3248.907979,Gulber_98
GAIDKPILK,9,Human,6922.031308,DS_613
GAVNVVMTF,9,Human,1599.529092,DS_613
GDMCDIYLLY,10,Mouse,2999.998181,Burgevin_08
GEFGGFGSV,9,Human,97974.69863,DS_613
GEHGLIIRV,9,Human,559.7356099,DS_613
GEILDVFDA,9,Human,159925.6897,DS_613
GEVDVEQHT,9,Human,200078.3957,DS_613
GFYPGSIEV,9,Human,16001.92885,DS_613
GGVCYYLL,8,Mouse,1199.999296,Burgevin_08
GIFSPGGAI,9,Human,400097.9004,DS_613
GIKTWQTMY,9,Mouse,2560.118048,Burgevin_08
GILGFVFTL,9,Human,23991.73193,DS_613
GKIDYYIPYV,10,Mouse,499.999985,Burgevin_08
GKSVLIRDL,9,Human,22392.12351,DS_613
GLFDFVNFV,9,Mouse,152.0057412,Burgevin_08
GLFMIDNFY,9,Human,360.129809,DS_613
GLMQNCNQM,9,Human,400097.9004,DS_613
GLMQNCNQM,9,Mouse,6000.120762,Burgevin_08
GLNDYLHSV,9,Mouse,26881.90187,Burgevin_08
GLSRPLLRL,9,Human,328.1479413,DS_613
GLSRYVARL,9,Human,5031.455309,DS_613
GLYSSTAPI,9,Human,182127.9147,DS_613
GLYSSTVPI,9,Human,42001.66533,DS_613
GLYSSTVPV,9,Human,11197.70972,DS_613
GMAALPRLI,9,Human,400097.9004,DS_613
GMPAYIRNTL,10,Mouse,72799.93496,Burgevin_08
GMRMLLGGN,9,Human,213302.0568,DS_613
GQRKPATSY,9,Human,200.0294383,DS_613
GQYGNPLNK,9,Human,2600.514391,DS_613
GRAFVTIGK,9,Human,479.8456776,DS_613
GRERFEMFR,9,Human,3478.876052,DS_613
GRIDKPIL,8,Human,100000,Endert_95
GRIDKPILA,9,Human,2216.012186,DS_613
GRIDKPILK,9,Human,1383.628323,DS_613
GRLTKHTKF,9,Human,400,DS_613
GRPPQKGSL,9,Human,79974.6147,DS_613
GRQKGAGSV,9,Human,200078.3957,DS_613
GRYNASTEL,9,Human,3740,Uebel_97
GSCPIVIEK,9,Mouse,839962.6815,Burgevin_08
GTHVLLPFY,9,Mouse,63.99705531,Burgevin_08
GTIAGGVCY,9,Mouse,3399.851838,Burgevin_08
GTIAGGVCYY,10,Mouse,4799.997281,Burgevin_08
GVQAAKTST,9,Mouse,767644.2325,Burgevin_08
GVTSSGAIYK,10,Mouse,640000.0256,Burgevin_08
GWHRQTLEE,9,Human,57208.88784,DS_613
GYAPVSPIVI,10,Mouse,19400.01168,Burgevin_08
GYVNAILYQI,10,Mouse,599.9996421,Burgevin_08
HAASAAAAY,9,Human,3753.577061,DS_613
HAASAAAAY,9,Rat_a,41538.75101,Gulber_98
HAASAAAAY,9,Rat_u,11618.29578,Gulber_98
HAKITSYKF,9,Mouse,3520.140447,Burgevin_08
HEAAAVHGD,9,Human,38386.63178,DS_613
HEETPPTTS,9,Human,104033.1156,DS_613
HFWNGDRDL,9,Human,3000.290952,DS_613
HGVTSSGAIYK,11,Mouse,400000,Burgevin_08
HIKPTSSKY,9,Human,3198.587379,DS_613
HIPLKYIVL,9,Mouse,247206.5601,Burgevin_08
HLESLFTAV,9,Human,240016.8833,DS_613
HLIDYLVTS,9,Human,479963.1202,DS_613
HLLVGSSGL,9,Human,181582.3497,DS_613
HLSLRGLPV,9,Human,400097.9004,DS_613
HLYQGCQVV,9,Human,63606.09303,DS_613
HLYSHPIIL,9,Human,400,DS_613
HQAISPRTL,9,Human,6402.632719,DS_613
HSLLYSSM,8,Mouse,38000.03454,Burgevin_08
HVDGKILFV,9,Mouse,28797.8451,Burgevin_08
IAASAAAAY,9,Human,1500.366285,DS_613
IAASAAAAY,9,Rat_a,3189.329101,Gulber_98
IAASAAAAY,9,Rat_u,4372.901236,Gulber_98
IAIAKKKKK,9,Human,11997.63165,DS_613
IALNASFVR,9,Human,3798.891327,DS_613
IALYIEHPY,9,Mouse,6000.120762,Burgevin_08
ICLYIEHPY,9,Mouse,3919.764644,Burgevin_08
IDKLTFQIY,9,Mouse,3320.167479,Burgevin_08
IDLYIEHPY,9,Mouse,25999.20039,Burgevin_08
IELYIEHPY,9,Mouse,29198.46303,Burgevin_08
IEQGSKERK,9,Human,19999.5399,DS_613
IFLIVSLCPT,10,Mouse,569600.014,Burgevin_08
IFLYIEHPY,9,Mouse,39596.791,Burgevin_08
IFSALDEKW,9,Mouse,4039.801176,Burgevin_08
IGLYIEHPY,9,Mouse,18401.78666,Burgevin_08
IGMFNLTFI,9,Mouse,14078.6169,Burgevin_08
IGTIAGGVCYY,11,Mouse,6600.000848,Burgevin_08
IHFMREYWF,9,Mouse,200.013814,Burgevin_08
IHLYIEHPY,9,Mouse,8399.626815,Burgevin_08
IHYLFRCV,8,Mouse,3319.999294,Burgevin_08
IIGTDNSVV,9,Human,479963.1202,DS_613
IIIPFIAYFV,10,Mouse,2399.998616,Burgevin_08
IILYIEHPY,9,Mouse,11999.41272,Burgevin_08
IIPFIAYFV,9,Mouse,2800.012637,Burgevin_08
IISCTCPTV,9,Human,31209.08593,DS_613
IISCTCPVT,9,Human,196.06859,DS_613
IKKVYYSDI,9,Human,25989.93293,DS_613
IKLYIEHPY,9,Mouse,4800.207281,Burgevin_08
ILDDNLYKV,9,Mouse,48401.63043,Burgevin_08
ILHNGAYSL,9,Human,148073.5734,DS_613
ILKEPVHGV,9,Human,135329.0565,DS_613
ILLYIEHPY,9,Mouse,25601.18048,Burgevin_08
ILMDSIFVST,10,Mouse,112799.9719,Burgevin_08
ILMHCQTTL,9,Human,400097.9004,DS_613
ILMIFISSFLL,11,Mouse,8200.002623,Burgevin_08
ILRGSVAHK,9,Human,299978.0388,DS_613
ILSDENYLL,9,Mouse,2599.920039,Burgevin_08
ILSPFLPLL,9,Human,78862.77116,DS_613
IMLYIEHPY,9,Mouse,2280.132009,Burgevin_08
IMPKAGLLI,9,Human,400097.9004,DS_613
INFEFVCL,8,Mouse,4839.995873,Burgevin_08
INLAVMFPT,9,Human,371188.221,DS_613
INLYIEHPY,9,Mouse,9199.410347,Burgevin_08
INVEYRFL,8,Mouse,8920.002813,Burgevin_08
IPLKYIVL,8,Mouse,1999999.98,Burgevin_08
IPLYIEHPY,9,Mouse,115600.5742,Burgevin_08
IQLYIEHPY,9,Mouse,2040.140096,Burgevin_08
IRKPYIWEY,9,Human,39.98340716,DS_613
IRLYIEHPY,9,Mouse,1240.109377,Burgevin_08
IRRYNASTEL,10,Human,1607.145849,Uebel_95
IRRYNASTELL,11,Human,1646.762938,Uebel_95
ISDKVVYVD,9,Human,220017.9795,DS_613
ISLYIEHPY,9,Mouse,19600.17691,Burgevin_08
ISVANKIYM,9,Mouse,400,Burgevin_08
ISVIVFKFF,9,Human,8002.142098,DS_613
ITFALKKL,8,Mouse,46000.01691,Burgevin_08
ITLYIEHPY,9,Mouse,3120.038775,Burgevin_08
ITSYKFESV,9,Mouse,31200.38775,Burgevin_08
ITYRFYLI,8,Mouse,599.9996421,Burgevin_08
IVFEFIKTY,9,Mouse,1120.108238,Burgevin_08
IVFNLPVSK,9,Mouse,55996.38506,Burgevin_08
IVGLNKIVR,9,Human,10398.99605,DS_613
IVIEAIHTV,9,Mouse,2800.012637,Burgevin_08
IVKDDAYSK,9,Human,21992.67115,DS_613
IVLYIEHPY,9,Mouse,9199.410347,Burgevin_08
IVTDFSVIK,9,Human,96034.66962,DS_613
IWLYIEHPY,9,Mouse,5199.48095,Burgevin_08
IYIFTVRL,8,Mouse,17679.98903,Burgevin_08
IYLYIEHPY,9,Mouse,7600.81201,Burgevin_08
KAASAAAAY,9,Human,1207.689788,DS_613
KAASAAAAY,9,Rat_a,3709.138977,Gulber_98
KAASAAAAY,9,Rat_u,2976.765195,Gulber_98
KADDDKPGA,9,Human,126053.859,DS_613
KAGQVVTIW,9,Human,39993.19314,DS_613
KAKFDIDYK,9,Human,25989.93293,DS_613
KDKYMWCYS,9,Mouse,27596.88039,Burgevin_08
KEAVYLCIY,9,Mouse,1279.852707,Burgevin_08
KESTLHLVL,9,Human,279.9089991,DS_613
KEYKTIISE,9,Mouse,53205.92419,Burgevin_08
KFKAKKYIF,9,Human,999.7093104,DS_613
KIDYYIPYV,9,Mouse,2519.764722,Burgevin_08
KIKESFRKL,9,Human,3399.775052,DS_613
KIKKKDSVS,9,Human,96034.66962,DS_613
KIKSFVKVY,9,Human,3000.290952,DS_613
KILSDENYLL,10,Mouse,4600.001691,Burgevin_08
KINFEFVCL,9,Mouse,9999.078809,Burgevin_08
KIWEELSVL,9,Human,479.8456776,DS_613
KIYTLIYRQ,9,Mouse,400,Burgevin_08
KKFKSSKFF,9,Human,720.1536177,DS_613
KKIMEIVSH,9,Mouse,65201.86096,Burgevin_08
KKTSLEKRM,9,Human,139.9750996,DS_613
KKVSIFVYS,9,Human,11997.63165,DS_613
KKYNASTEL,9,Human,2304.144063,DS_613
KLAKAAAAV,9,Human,62533.92867,DS_613
KLHLYSHPI,9,Human,12081.9097,DS_613
KLIPKDIRG,9,Human,500000,Endert_95
KLIRDAAEL,9,Human,45590.95165,DS_613
KLKIISNDYK,10,Mouse,415199.662,Burgevin_08
KLYKNKSKQ,9,Mouse,72804.79634,Burgevin_08
KNVRGHSKN,9,Human,62784.56532,DS_613
KPFNNILNL,9,Mouse,12401.09377,Burgevin_08
KPGQAGGEA,9,Human,186365.401,DS_613
KPIVQYDNF,9,Human,72003.1068,DS_613
KPIVQYDNF,9,Mouse,17601.91791,Burgevin_08
KPRSSHPFD,9,Human,685884.515,DS_613
KQWVMDTLN,9,Mouse,48804.51388,Burgevin_08
KRAAAAAAA,9,Human,60807.26477,DS_613
KRFIVYGRS,9,Mouse,5399.58014,Burgevin_08
KRFSFKKSF,9,Human,11.99469594,DS_613
KRGILTLKY,9,Human,39.98340716,DS_613
KRKFNKQSQ,9,Mouse,63997.05531,Burgevin_08
KRRKYSKLT,9,Mouse,400000,Burgevin_08
KRVETSPRP,9,Mouse,740.0481739,Burgevin_08
KRYKSIVKY,9,Human,11.99469594,DS_613
KRYNASTEL,9,Human,647.7239141,DS_613
KSADSKSAA,9,Human,23991.73193,DS_613
KSIIISSVI,9,Human,14406.92895,DS_613
KSVTKSSSW,9,Mouse,2000.13814,Burgevin_08
KSYNYMLL,8,Mouse,760.0006983,Burgevin_08
KTGGPIYKR,9,Human,959.5501176,DS_613
KTGGPIYKR,9,Mouse,2319850.463,Burgevin_08
KTQGPSVFF,9,Human,879.5976149,DS_613
KTSLVFETL,9,Mouse,42801.59875,Burgevin_08
KVDDTFYYV,9,Mouse,499.9884722,Burgevin_08
KVFGPIHER,9,Human,179.9114071,DS_613
KVFSFWLL,8,Mouse,640.0000256,Burgevin_08
KVHDMGFEY,9,Human,91.97019407,DS_613
KVLHVTDTNK,10,Mouse,817600.2043,Burgevin_08
KVMFVIRFK,9,Mouse,4800.207281,Burgevin_08
KVSLDYINTM,10,Mouse,199.999998,Burgevin_08
KVVNPLFEK,9,Human,799.8822642,DS_613
KVYNGIFVD,9,Mouse,85204.0015,Burgevin_08
KWDDRIGPQ,9,Human,39993.19314,DS_613
KWDLRRAFH,9,Human,5599.678963,DS_613
KWLQNSVVL,9,Mouse,22639.14345,Burgevin_08
KYAGSDKGQ,9,Human,369336.912,DS_613
KYFDEHYEY,9,Human,299.9046369,DS_613
KYFSYIIKY,9,Human,80.03504067,DS_613
KYLPEVISTI,10,Mouse,16400.00541,Burgevin_08
KYPENFFLL,9,Human,1799.860691,DS_613
KYTMPRLPVQ,10,Human,100000,Endert_95
KYTSFPWLL,9,Human,2080.71018,DS_613
KYVLFVKKM,9,Mouse,4200.103488,Burgevin_08
KYYGRSTKA,9,Mouse,122789.1495,Burgevin_08
LAASAAAAY,9,Human,1688.278327,DS_613
LAASAAAAY,9,Rat_a,4313.669588,Gulber_98
LAASAAAAY,9,Rat_u,4924.731665,Gulber_98
LALLIDKMT,9,Human,126053.859,DS_613
LEAVGHCYE,9,Mouse,99600.14974,Burgevin_08
LELFNAFRT,9,Mouse,70804.35833,Burgevin_08
LESEFQAAL,9,Human,244400,Fleischhauer_96
LETSKQYRR,9,Human,2112.156087,DS_613
LFYCDERDA,9,Mouse,287183.8354,Burgevin_08
LIVSATQPA,9,Human,79974.6147,DS_613
LKCVSDSWL,9,Mouse,3799.793464,Burgevin_08
LKFANQVLI,9,Human,1160.335594,DS_613
LLAQFTSAI,9,Human,64826.16276,DS_613
LLAVCGCIE,9,Mouse,2000138.14,Burgevin_08
LLDDEAGPL,9,Human,81590.20909,DS_613
LLDGTATLRL,10,Human,4066.666667,Chang_96
LLFGYPVYV,9,Human,2800.251594,DS_613
LLGSAANWI,9,Human,2120.621632,DS_613
LLLTVLTVV,9,Human,14920.09957,DS_613
LLMMIANES,9,Human,63988.87679,DS_613
LLQEYNWEL,9,Human,9803.203972,DS_613
LLSSNLSWL,9,Human,4520.891768,DS_613
LLYTANFTF,9,Mouse,280.0012637,Burgevin_08
LMDSIFVST,9,Mouse,240026.9415,Burgevin_08
LMIFISSFLL,10,Mouse,6800.001231,Burgevin_08
LMWAKIGPV,9,Human,11355.58017,DS_613
LMYDIINSV,9,Mouse,200.013814,Burgevin_08
LNFRFENV,8,Mouse,12959.9997,Burgevin_08
LPRPDTRHL,9,Mouse,134790.7194,Burgevin_08
LQNKSFFGK,9,Human,8002.142098,DS_613
LSKLRDIWF,9,Human,368.1404589,DS_613
LSLQIQTLS,9,Human,466244.0773,DS_613
LSNISPMDT,9,Mouse,839962.6815,Burgevin_08
LSSQMTSTF,9,Mouse,2400.269415,Burgevin_08
LSTLNFNNL,9,Mouse,6000.120762,Burgevin_08
LSTLNFNNLR,10,Mouse,326399.8807,Burgevin_08
LTLINRNRS,9,Human,19999.5399,DS_613
LTRQALPDQ,9,Human,51609.68084,DS_613
LVVRPVGKV,9,Human,8799.626418,DS_613
LYNTVATLY,9,Human,9599.483243,DS_613
LYQFSKPGI,9,Human,91.97019407,DS_613
MAASAAAAY,9,Human,1816.132551,DS_613
MAASAAAAY,9,Rat_a,6785.286471,Gulber_98
MAASAAAAY,9,Rat_u,5885.751566,Gulber_98
MAVLGQLNL,9,Mouse,2079.983986,Burgevin_08
MCLEAKTHF,9,Mouse,1799.948135,Burgevin_08
MEVDPIGHLY,10,Human,21200,Fleischhauer_96
MFLTSVINRV,10,Mouse,2200.001573,Burgevin_08
MLLAVLYCL,9,Human,100000,Chang_96
MPAYIRNTL,9,Mouse,108009.0115,Burgevin_08
MTKMLLTFN,9,Mouse,9999.078809,Burgevin_08
MVKKQQQAV,9,Human,49190.93055,DS_613
NAASAAAAY,9,Human,231.9367133,DS_613
NAASAAAAY,9,Rat_a,605.8817347,Gulber_98
NAASAAAAY,9,Rat_u,514.9172139,Gulber_98
NAILHNIYR,9,Mouse,2800.012637,Burgevin_08
NCINNTIAL,9,Mouse,5520.265824,Burgevin_08
NCVRNLEEL,9,Mouse,1199.941272,Burgevin_08
NEFKSSYLE,9,Mouse,200013.814,Burgevin_08
NEYKQLYTI,9,Mouse,220.0189011,Burgevin_08
NGSSFQHGG,9,Mouse,1799948.135,Burgevin_08
NHLTENNLY,9,Mouse,5800.427346,Burgevin_08
NIIGTDNSV,9,Human,5799.137897,DS_613
NIKHKERIP,9,Mouse,60001.20762,Burgevin_08
NIVFNLPVSK,10,Mouse,122399.8798,Burgevin_08
NIVYKKNNR,9,Mouse,2200189.011,Burgevin_08
NIYRLFTRC,9,Mouse,1400.103017,Burgevin_08
NKADVILKY,9,Human,4.000680802,DS_613
NKFLEFSNR,9,Mouse,81594.33201,Burgevin_08
NKIQLFSDF,9,Mouse,320.0073779,Burgevin_08
NKVDDTFYYV,10,Mouse,259.9997865,Burgevin_08
NLFDIPLLTV,10,Mouse,2599.997865,Burgevin_08
NLIRNRDYI,9,Mouse,1080.090115,Burgevin_08
NLNNLNVSI,9,Human,31999.1477,DS_613
NLQSLTNLL,9,Human,8002.142098,DS_613
NLSWLSLDV,9,Human,78078.07348,DS_613
NLSWLSLDV,9,Mouse,12798.52707,Burgevin_08
NLYIEHPYA,9,Mouse,4800.207281,Burgevin_08
NLYISDYKM,9,Mouse,91.99410347,Burgevin_08
NLYKVYNGI,9,Mouse,2699.976544,Burgevin_08
NMEANDPEK,9,Mouse,2400269.415,Burgevin_08
NMRDLIVTF,9,Mouse,152.0057412,Burgevin_08
NNENVTLFY,9,Mouse,1799.948135,Burgevin_08
NQKLQFGRY,9,Human,380.1114682,DS_613
NQSSHKGVG,9,Mouse,2800012.637,Burgevin_08
NQVKFYFNK,9,Mouse,6600.244005,Burgevin_08
NQYNVKYLA,9,Mouse,7999.447479,Burgevin_08
NRVYEALYYV,10,Mouse,116.0000006,Burgevin_08
NRYMPRIRY,9,Human,137,Uebel_97
NTYLFNILY,9,Mouse,359.9647643,Burgevin_08
NTYLFNILYK,10,Mouse,48399.95873,Burgevin_08
NVATLELQF,9,Human,80.03504067,DS_613
NVLHNCLYI,9,Mouse,2079.983986,Burgevin_08
PAASAAAAY,9,Human,26488.46269,DS_613
PAASAAAAY,9,Rat_a,30711.84399,Gulber_98
PAASAAAAY,9,Rat_u,49984.36565,Gulber_98
PANQPINES,9,Human,1066043.348,DS_613
PANQPINES,9,Mouse,2000138.14,Burgevin_08
PDAEFSAAAAY,11,Human,22325,Daniel_98
PDAPDAEFSAAAAY,14,Human,25762.5,Daniel_98
PDDNNDMDV,9,Mouse,2000138.14,Burgevin_08
PDIYPANLS,9,Human,457011.826,DS_613
PDVWVTVLF,9,Human,320124.2713,DS_613
PFLERSVIN,9,Mouse,1880009.273,Burgevin_08
PHIKTHTMK,9,Human,466244.0773,DS_613
PKLEASNRY,9,Human,52024.21421,DS_613
PKLEASNRY,9,Mouse,31598.02885,Burgevin_08
PLAKAAAAV,9,Human,1726254.425,DS_613
PLEEELPRL,9,Human,107631.06,DS_613
PLPIHTAEL,9,Human,79974.6147,DS_613
PLTFGWCYKL,10,Human,19600,Lucchiari_Hartz_00
PLTFGWCYKLV,11,Human,6800,Lucchiari_Hartz_00
PNKHGDPFI,9,Mouse,475619.8716,Burgevin_08
PPETNVELG,9,Human,711026.1925,DS_613
PRKVSVVSF,9,Human,2600.514391,DS_613
PRPDTRHLRV,10,Mouse,481200.4129,Burgevin_08
PRPDTRHLRVL,11,Mouse,52399.96433,Burgevin_08
PSLEYGANY,9,Mouse,12798.52707,Burgevin_08
PSLLNNYTL,9,Mouse,79994.47479,Burgevin_08
PSVSQVLKS,9,Human,299978.0388,DS_613
PTAWRSEMN,9,Human,457011.826,DS_613
QAASAAAAY,9,Human,8496.966931,DS_613
QAASAAAAY,9,Rat_a,5016.729066,Gulber_98
QAASAAAAY,9,Rat_u,1255.550499,Gulber_98
QAPLRPMTYK,10,Human,47000,Endert_95
QCTVQEFIF,9,Mouse,1199.941272,Burgevin_08
QEEEGPSTF,9,Human,333200,Fleischhauer_96
QKVLHVTDTNK,11,Mouse,279999.9742,Burgevin_08
QLDPARDVL,9,Human,400097.9004,DS_613
QLFHLCLII,9,Human,263146.0676,DS_613
QLFHLCLII,9,Mouse,6000.120762,Burgevin_08
QLMYDIINSV,10,Mouse,11999.99296,Burgevin_08
QPEYSNKSY,9,Human,186365.401,DS_613
QQLYWSHPR,9,Human,2400.577343,DS_613
QQLYWSHPR,9,Mouse,75207.29894,Burgevin_08
QSDTVFDYY,9,Mouse,9599.751507,Burgevin_08
QSFLFWFLK,9,Mouse,37597.58859,Burgevin_08
QSIFRFLNI,9,Mouse,1600.147404,Burgevin_08
QVDLLNILL,9,Human,2200.554267,DS_613
QVPLRMTYA,9,Human,7812.376978,DS_613
QVPLRPMTY,9,Human,1379.483658,DS_613
QVPLRPMTYA,10,Human,14000,Endert_95
QVPLRPMTYK,10,Human,9300,Endert_95
QYDEAVAQF,9,Human,10398.99605,DS_613
RAAAAAAAY,9,Human,1168.486437,DS_613
RAASAAAAY,9,Human,296.0311091,DS_613
RAASAAAAY,9,Rat_a,2027.580119,Gulber_98
RAASAAAAY,9,Rat_u,899.5624477,Gulber_98
RAYNASTEL,9,Human,863.9065015,DS_613
RAYQKSTEL,9,Human,323.9096268,DS_613
RDAEFVMCL,9,Mouse,60.00120762,Burgevin_08
REIRRYNASTELLIR,15,Human,515.843872,Uebel_95
REPSEINVM,9,Human,79974.6147,DS_613
RGQVRVNRH,9,Human,60021.88635,DS_613
RGQVRVNRH,9,Mouse,111598.9199,Burgevin_08
RGYRPRFRR,9,Human,19.99464619,DS_613
RHVDGKILFV,10,Mouse,320.0000096,Burgevin_08
RIDKPILK,8,Human,100000,Endert_95
RISRFANL,8,Mouse,15799.99652,Burgevin_08
RIYCSLFKN,9,Mouse,4600.022875,Burgevin_08
RKMLELEKC,9,Mouse,2599.920039,Burgevin_08
RKPFNNILNL,10,Mouse,9000.009986,Burgevin_08
RKYNASTEL,9,Human,672.1385851,DS_613
RKYSKLTKD,9,Mouse,116401.8791,Burgevin_08
RLGLSRPLL,9,Human,4361.034362,DS_613
RLGLYRPLL,9,Human,6922.031308,DS_613
RLLQETELV,9,Human,176392.0841,DS_613
RLPRPDTRHL,10,Mouse,72000.08205,Burgevin_08
RLRPGGKKH,9,Human,52024.21421,DS_613
RLSKVAPVI,9,Human,400097.9004,DS_613
RLVTLKDIV,9,Human,5999.698801,DS_613
RLYDYFTRV,9,Mouse,400,Burgevin_08
RMNSNQVCI,9,Mouse,16038.36125,Burgevin_08
RNVWRGFST,9,Human,2639.816133,DS_613
RPDTRHLRV,9,Mouse,89199.00118,Burgevin_08
RPDTRHLRVL,10,Mouse,13999.99857,Burgevin_08
RPKSNIVLL,9,Human,238104.4084,DS_613
RPMSLRSTII,10,Mouse,30400.02854,Burgevin_08
RPQMGMLGT,9,Human,53181.42962,DS_613
RPSTRNFFEL,10,Mouse,8200.002623,Burgevin_08
RRANASTEL,9,Human,503.9436958,DS_613
RRFGDKLNF,9,Human,4.000680802,DS_613
RRFNASTEL,9,Human,576.2056033,DS_613
RRIKEIVKK,9,Human,2679.711845,DS_613
RRIYDLIEL,9,Human,400,DS_613
RRLPIFSRL,9,Human,239.9581534,DS_613
RRPMSLRSTII,11,Mouse,2399.998616,Burgevin_08
RRRWRRLTV,9,Human,39.98340716,DS_613
RRSKEITVR,9,Human,1200.465344,DS_613
RRTEEENLR,9,Human,6157.736558,DS_613
RRVKEVVKK,9,Human,299.9046369,DS_613
RRWLPAGDA,9,Human,2200.554267,DS_613
RRYAASTEL,9,Human,696.0799658,DS_613
RRYNAATEL,9,Human,696.0799658,DS_613
RRYNASAEL,9,Human,312.1439773,DS_613
RRYNASTAL,9,Human,211.9741953,DS_613
RRYNASTDL,9,Human,1056.233489,DS_613
RRYNASTEA,9,Human,1440.095266,DS_613
RRYNASTEF,9,Human,63.97321928,DS_613
RRYNASTEI,9,Human,744.3151599,DS_613
RRYNASTEL,9,Human,400,DS_613
RRYNASTELL,10,Human,258.7443065,Uebel_95
RRYPDAVYL,9,Human,160.0465239,DS_613
RRYQASTEL,9,Human,191.9940817,DS_613
RRYQKSTE,8,Human,1100,Endert_95
RRYQKSTEA,9,Human,599.721,DS_613
RRYQKSTEL,9,Human,108.0360046,DS_613
RSELNMFFM,9,Mouse,4400.07411,Burgevin_08
RSQLNLLIA,9,Human,34388.05508,DS_613
RTDGKVFQF,9,Human,1279.806978,DS_613
RTLLGLILFV,10,Mouse,5719.999507,Burgevin_08
RTQNVLGEK,9,Human,36006.85252,DS_613
RVLYDEFVTI,10,Mouse,3499.999573,Burgevin_08
RVYEALYYV,9,Mouse,119.9941272,Burgevin_08
RWGFRDIKQ,9,Human,1999.124367,DS_613
RYLKDQQLL,9,Human,5599.678963,DS_613
RYQKSTEL,8,Human,500000,Endert_95
RYRPGTVAL,9,Human,2200.554267,DS_613
RYWANATRSA,10,Human,1350,Ahn_96
RYWANATRSA,10,Mouse,8700,Ahn_96
RYWANATRSE,10,Human,300000,Ahn_96
RYWANATRSE,10,Mouse,300000,Ahn_96
RYWANATRSF,10,Human,570,Ahn_96
RYWANATRSF,10,Mouse,180,Ahn_96
RYWANATRSK,10,Human,6900,Ahn_96
RYWANATRSK,10,Mouse,300000,Ahn_96
RYWANATRSQ,10,Human,1050,Ahn_96
RYWANATRSQ,10,Mouse,3750,Ahn_96
RYWANATRST,10,Human,10050,Ahn_96
RYWANATRST,10,Mouse,7200,Ahn_96
SAASAAAAY,9,Human,627.9525128,DS_613
SAASAAAAY,9,Rat_a,1108.365355,Gulber_98
SAASAAAAY,9,Rat_u,615.3989707,Gulber_98
SAPMNVDNL,9,Mouse,195596.01,Burgevin_08
SAWAVVWAK,9,Human,559.7356099,DS_613
SAYGEPRKL,9,Human,3033.333333,Chang_96
SDIKDYYYI,9,Human,21992.67115,DS_613
SFNCGSEFF,9,Human,112023.5669,DS_613
SFWVKFEQG,9,Mouse,88809.61581,Burgevin_08
SGLFDFVNFV,10,Mouse,6400.000256,Burgevin_08
SIFRFLNI,8,Mouse,599.9996421,Burgevin_08
SIIIPFIAYFV,11,Mouse,959.9994657,Burgevin_08
SILLFHAAF,9,Human,39993.19314,DS_613
SILMIFISSFL,11,Mouse,55600.02557,Burgevin_08
SINVEYRFL,9,Mouse,4400.07411,Burgevin_08
SIYIAVANC,9,Mouse,13199.57632,Burgevin_08
SIYQYVRL,8,Mouse,1959.999639,Burgevin_08
SKSFKAAKF,9,Human,1200.465344,DS_613
SKSVAETQE,9,Human,466244.0773,DS_613
SLKKGAAAL,9,Human,400097.9004,DS_613
SLNFMGYVI,9,Human,37214.90184,DS_613
SLNFRFENV,9,Mouse,81200.74079,Burgevin_08
SLSAYIIRV,9,Mouse,17400.43043,Burgevin_08
SLYADSPSV,9,Human,67606.84722,DS_613
SLYNTVATL,9,Human,4511.85902,DS_613
SMYCSKTFL,9,Mouse,4800.207281,Burgevin_08
SMYTRLRQD,9,Mouse,189216.9298,Burgevin_08
SNLFDIPLLTV,11,Mouse,6999.999215,Burgevin_08
SNQVKFYFNK,10,Mouse,200400.1265,Burgevin_08
SPRYIFTML,9,Human,11997.63165,DS_613
SQGTNPHMI,9,Mouse,10239.05772,Burgevin_08
SQHQHLAIM,9,Mouse,400,Burgevin_08
SQIMVSSPS,9,Mouse,193579.7797,Burgevin_08
SQSDNYKLQ,9,Human,34388.05508,DS_613
SQSDTVFDYY,10,Mouse,160.0000032,Burgevin_08
SQYANCSSI,9,Mouse,499.9884722,Burgevin_08
SRAHSSHLK,9,Human,7276.931442,DS_613
SRDKTIIMW,9,Human,1400.331883,DS_613
SRFAFVVAK,9,Human,680.2528363,DS_613
SRFAKKFAK,9,Human,879.5976149,DS_613
SRFASFKAK,9,Human,1519.998379,DS_613
SRISRFANL,9,Mouse,639.9705531,Burgevin_08
SRKAVSFAK,9,Human,8799.626418,DS_613
SRSAFFKAK,9,Human,23991.73193,DS_613
SRSAKFVAK,9,Human,50587.74069,DS_613
SRVASVFAK,9,Human,1999.124367,DS_613
SRVAVKSAK,9,Human,4400.460824,DS_613
SRVNDLNRM,9,Mouse,140.0103017,Burgevin_08
SRWAVVWAA,9,Human,235.913343,DS_613
SRWAVVWAA,9,Mouse,2240.061755,Burgevin_08
SRWAVVWAK,9,Human,135.9741164,DS_613
SRWAWVKAK,9,Human,100.0294404,DS_613
SRWAWVKAK,9,Mouse,131207.902,Burgevin_08
SRYAWVFAK,9,Human,100.0294404,DS_613
SRYAWVKAK,9,Human,332.109438,DS_613
SRYWAIRTR,9,Human,96.01117079,DS_613
SSKKYKVKS,9,Human,519937.8411,DS_613
SSKPGDGRW,9,Human,5999.698801,DS_613
STLNFNNL,8,Mouse,13439.99142,Burgevin_08
STLNFNNLR,9,Mouse,131995.7632,Burgevin_08
STLSTQEAL,9,Mouse,49998.84722,Burgevin_08
STREYLKL,8,Mouse,22479.98367,Burgevin_08
SVVVASVII,9,Human,1400.331883,DS_613
SVYTCAIRS,9,Mouse,5800.427346,Burgevin_08
SWLKDSAIM,9,Mouse,1799.948135,Burgevin_08
SWTTGWLVV,9,Human,5999.698801,DS_613
SYLLPAIVHI,10,Human,5200,Endert_95
SYQSFLFWF,9,Mouse,220.0189011,Burgevin_08
TAASAAAAY,9,Human,1375.351408,DS_613
TAASAAAAY,9,Rat_a,3189.329101,Gulber_98
TAASAAAAY,9,Rat_u,1050.545411,Gulber_98
TALVNGCDF,9,Mouse,200.013814,Burgevin_08
TCSRPKSNIVLL,12,Human,52000,Endert_95
TDVIKPDYL,9,Mouse,6000.120762,Burgevin_08
TFGVAPSRL,9,Human,1999.124367,DS_613
TGILFMEMF,9,Mouse,280.0012637,Burgevin_08
THFSTTGEW,9,Mouse,2000.13814,Burgevin_08
TILDDNLYKV,10,Mouse,2499.9999,Burgevin_08
TILQPSLQI,9,Human,4400.460824,DS_613
TITHKEKIK,9,Human,186365.401,DS_613
TKPTLKGAI,9,Human,346439.87,DS_613
TKVFSFWLL,9,Mouse,1319.957632,Burgevin_08
TKVMFVIRFK,10,Mouse,91599.89827,Burgevin_08
TLLGLILFV,9,Mouse,200013.814,Burgevin_08
TLWVDPYEV,9,Human,13406.0925,DS_613
TMMINPFMI,9,Mouse,3200.073779,Burgevin_08
TMRIYCSLF,9,Mouse,1120.108238,Burgevin_08
TMYTNVPEG,9,Mouse,174004.3043,Burgevin_08
TNEHQEPVS,9,Human,97583.58259,DS_613
TNFEIASRM,9,Human,4800.448102,DS_613
TNFLLSLGIHL,11,Human,18000,Endert_95
TPGPGVRY,8,Human,64000,Lucchiari_Hartz_00
TPGPGVRYPL,10,Human,78000,Lucchiari_Hartz_00
TRLYDYFTRV,10,Mouse,279.9999742,Burgevin_08
TRQSYATSG,9,Human,29985.36017,DS_613
TSLVFETL,8,Mouse,15240.00085,Burgevin_08
TSNVITDQTV,10,Mouse,36880.0067,Burgevin_08
TSTGCSIDF,9,Mouse,720.0455842,Burgevin_08
TSTREYLKL,9,Mouse,1640.060962,Burgevin_08
TSYKFESV,8,Mouse,12400.00874,Burgevin_08
TVFDAKRLIGR,11,Human,240,Endert_95
TYLTSLFRL,9,Human,700.2690001,DS_613
VAASAAAAY,9,Human,1115.95358,DS_613
VAASAAAAY,9,Rat_a,6785.286471,Gulber_98
VAASAAAAY,9,Rat_u,2274.566827,Gulber_98
VAFAITTKE,9,Human,533100.1302,DS_613
VAIGWLSIE,9,Human,137236.9876,DS_613
VALPNVQFV,9,Mouse,17999.48135,Burgevin_08
VDRSNKRGR,9,Human,31209.08593,DS_613
VFIKYVNGW,9,Mouse,1040.063825,Burgevin_08
VHDIVEPCM,9,Mouse,26397.32937,Burgevin_08
VIYIFTVRL,9,Mouse,10360.00563,Burgevin_08
VIYTIPWRF,9,Human,35.99804196,DS_613
VKQWVMDTL,9,Mouse,1799.948135,Burgevin_08
VKSYNYMLL,9,Mouse,12839.85122,Burgevin_08
VLAKAAAAV,9,Human,47832.68862,DS_613
VLFSSDFRI,9,Human,3359.221559,DS_613
VLGGSRHKL,9,Human,29186.5874,DS_613
VLHKRTLGL,9,Human,4001.659972,DS_613
VLQAGFFLL,9,Human,788166.426,DS_613
VLYDEFVTI,9,Mouse,660.0244005,Burgevin_08
VMNILLQYM,9,Human,17596.66276,DS_613
VPLRPMTY,8,Human,100000,Endert_95
VPLRPMTYK,9,Human,500000,Endert_95
VQFSILNNP,9,Mouse,1199.941272,Burgevin_08
VRAAAAAAA,9,Human,79974.6147,DS_613
VRRCPHHER,9,Human,8362.097294,DS_613
VRTLLGLILFV,11,Mouse,2099.998533,Burgevin_08
VRTMPNESR,9,Mouse,200013.814,Burgevin_08
VRVCACPGR,9,Human,680.2528363,DS_613
VSFWVKFEQ,9,Mouse,999.9078809,Burgevin_08
VSLDYINTM,9,Mouse,280.0012637,Burgevin_08
VSLNDVLRR,9,Mouse,284027.2385,Burgevin_08
VSLSAYIIRV,10,Mouse,11000.00775,Burgevin_08
VSSVLNVSS,9,Human,1200.465344,DS_613
VTMINTLEFI,10,Mouse,6200.004309,Burgevin_08
VTSPLTVEW,9,Human,13995.12799,DS_613
VTSSGAIYK,9,Mouse,400000,Burgevin_08
VYSYSKIFV,9,Human,2600.514391,DS_613
VYYSVIKKA,9,Human,4001.659972,DS_613
WAASAAAAY,9,Human,3085.486268,DS_613
WAASAAAAY,9,Rat_a,19524.70953,Gulber_98
WAASAAAAY,9,Rat_u,6519.981617,Gulber_98
WEELSVLEVF,10,Human,57600,Fleischhauer_96
WILRGTSFV,9,Human,156445.7443,DS_613
WLSLLVPFV,9,Human,199678.6388,DS_613
WNKLLSNYY,9,Mouse,5199.48095,Burgevin_08
WVKFEQGDY,9,Mouse,12919.92496,Burgevin_08
YAAAAAAAY,9,Human,11075.2099,DS_613
YAASAAAAY,9,Human,4961.505724,DS_613
YAASAAAAY,9,Rat_a,16788.4581,Gulber_98
YAASAAAAY,9,Rat_u,13703.3584,Gulber_98
YAPVSPIVI,9,Mouse,444795.097,Burgevin_08
YARTNPESF,9,Human,6402.632719,DS_613
YAVINRNVL,9,Mouse,32237.39876,Burgevin_08
YDSMLAIRG,9,Human,466244.0773,DS_613
YEFLWGPRAL,10,Human,15200,Fleischhauer_96
YFDPANGKF,9,Human,9599.483243,DS_613
YFIYTYDRV,9,Mouse,6159.706104,Burgevin_08
YFVVSIISK,9,Human,16001.92885,DS_613
YGKIRDLIV,9,Human,110025.1821,DS_613
YHEDIHTYL,9,Human,13995.12799,DS_613
YIFYKFISK,9,Human,4400.460824,DS_613
YIYGIPLSL,9,Mouse,4600.022875,Burgevin_08
YLEPGPVTA,9,Human,379824.4864,DS_613
YLGEFSITY,9,Human,8799.626418,DS_613
YLLPAIVHI,9,Human,47976.40215,DS_613
YLPEVISTI,9,Mouse,1120108.238,Burgevin_08
YLYTEYFLFL,10,Mouse,1399.999857,Burgevin_08
YMDGTMSQV,9,Human,100000,Chang_96
YMLAEQLDR,9,Human,114400.9368,DS_613
YMLENIQVM,9,Mouse,2319.850463,Burgevin_08
YMNGTMSQV,9,Human,260007.1857,DS_613
YNVAPLSND,9,Human,1066043.348,DS_613
YPLTFGWCY,9,Human,121596.6316,DS_613
YQKALSVPK,9,Human,39993.19314,DS_613
YQSFLFWFL,9,Mouse,9599.751507,Burgevin_08
YSFQPPDEL,9,Human,13206.50179,DS_613
YSLPNAGDVI,10,Mouse,50400.05279,Burgevin_08
YSPSNHHIL,9,Mouse,17240.90232,Burgevin_08
YSQVNKRYI,9,Mouse,34999.35101,Burgevin_08
YSYIPPCQC,9,Mouse,6600.244005,Burgevin_08
YTLIYRQL,8,Mouse,23000.00823,Burgevin_08
YVFAAGPPD,9,Human,685884.515,DS_613
YVNAILYQI,9,Mouse,7600.81201,Burgevin_08
YVSFIKYKY,9,Human,400,DS_613
YYEEQHPEL,9,Human,38004.67841,DS_613